CHARACTER NAME,HEAD ID,BODY ID,Head Texture IDs,Body Texture IDs,Any computer code ID for the character,HEAD NAME,BODY FILE ID,HEAD FILE ID
Joanna Combat,0x0004,0x0056,,,mpbody_slot=0x00; mpbody_const=MPBODY_DARK_COMBAT; body_const=BODY_DARK_COMBAT; body_file=FILE_CDARK_COMBAT; head_const=HEAD_DARK_COMBAT; head_file=FILE_CHEADDARK_COMBAT; hand_file=FILE_GCOMBATHANDSLOD,Dark Combat,0x0042,0x019C
Joanna Trench Coat,0x0004,0x0062,,,mpbody_slot=0x01; mpbody_const=MPBODY_DARK_TRENCH; body_const=BODY_DARK_TRENCH; body_file=FILE_CDARK_TRENCH; head_const=HEAD_DARK_COMBAT; head_file=FILE_CHEADDARK_COMBAT; hand_file=FILE_GHAND_JOTRENCH,Dark Combat,0x0044,0x019C
Joanna Party Frock,0x000C,0x0061,,,mpbody_slot=0x02; mpbody_const=MPBODY_DARK_FROCK; body_const=BODY_DARK_FROCK; body_file=FILE_CDARK_FROCK; head_const=HEAD_DARK_FROCK; head_file=FILE_CHEADDARK_FROCK; hand_file=FILE_GHAND_JOFROCK,Dark Frock,0x0043,0x01A4
Joanna Frock (Ripped),0x000C,0x006D,,,mpbody_slot=0x03; mpbody_const=MPBODY_DARK_RIPPED; body_const=BODY_DARK_RIPPED; body_file=FILE_CDARK_RIPPED; head_const=HEAD_DARK_FROCK; head_file=FILE_CHEADDARK_FROCK; hand_file=FILE_GHAND_JOFROCK,Dark Frock,0x01B1,0x01A4
Joanna Stewardess,0x0004,0x0086,,,mpbody_slot=0x04; mpbody_const=MPBODY_DARK_AF1; body_const=BODY_DARK_AF1; body_file=FILE_CDARK_AF1; head_const=HEAD_DARK_COMBAT; head_file=FILE_CHEADDARK_COMBAT; hand_file=FILE_GHAND_JOPILOT,Dark Combat,0x033C,0x019C
Joanna Leather,0x0004,0x0095,,,mpbody_slot=0x05; mpbody_const=MPBODY_DARK_LEATHER; body_const=BODY_DARK_LEATHER; body_file=FILE_CDARK_LEATHER; head_const=HEAD_DARK_COMBAT; head_file=FILE_CHEADDARK_COMBAT; hand_file=FILE_GHAND_JOFROCK,Dark Combat,0x0559,0x019C
Joanna Negotiator,0x0004,0x0096,,,mpbody_slot=0x06; mpbody_const=MPBODY_DARK_NEGOTIATOR; body_const=BODY_DARK_NEGOTIATOR; body_file=FILE_CDARK_NEGOTIATOR; head_const=HEAD_DARK_COMBAT; head_file=FILE_CHEADDARK_COMBAT; hand_file=FILE_GHAND_JOAF1,Dark Combat,0x0796,0x019C
Joanna Wet Suit,0x002F,0x0087,,,mpbody_slot=0x07; mpbody_const=MPBODY_DARKWET; body_const=BODY_DARKWET; body_file=FILE_CDARKWET; head_const=HEAD_DARKAQUA; head_file=FILE_CHEADDARKAQUA; hand_file=FILE_GHAND_JOWETSUIT,Darkaqua,0x049E,0x04AD
Joanna Aqualung,0x002F,0x0088,,,mpbody_slot=0x08; mpbody_const=MPBODY_DARKAQUALUNG; body_const=BODY_DARKAQUALUNG; body_file=FILE_CDARKAQUALUNG; head_const=HEAD_DARKAQUA; head_file=FILE_CHEADDARKAQUA; hand_file=FILE_GHAND_JOWETSUIT,Darkaqua,0x049F,0x04AD
Joanna Arctic,0x003C,0x0089,,,mpbody_slot=0x09; mpbody_const=MPBODY_DARKSNOW; body_const=BODY_DARKSNOW; body_file=FILE_CDARKSNOW; head_const=HEAD_DARK_SNOW; head_file=FILE_CHEADDARK_SNOW; hand_file=FILE_GHAND_JOSNOW,Dark Snow,0x04A0,0x055A
Joanna Lab Tech.,0x0004,0x008A,,,mpbody_slot=0x0A; mpbody_const=MPBODY_DARKLAB; body_const=BODY_DARKLAB; body_file=FILE_CDARKLAB; head_const=HEAD_DARK_COMBAT; head_file=FILE_CHEADDARK_COMBAT; hand_file=FILE_GHAND_MRBLONDE,Dark Combat,0x04A1,0x019C
Elvis,0x0005,0x0067,,,mpbody_slot=0x0B; mpbody_const=MPBODY_THEKING; body_const=BODY_THEKING; body_file=FILE_CTHEKING; head_const=HEAD_ELVIS; head_file=FILE_CHEADELVIS; hand_file=FILE_GHAND_ELVIS,Elvis,0x0056,0x019D
Maian,0x0005,0x0057,,,mpbody_slot=0x0C; mpbody_const=MPBODY_ELVIS1; body_const=BODY_ELVIS1; body_file=FILE_CELVIS1; head_const=HEAD_ELVIS; head_file=FILE_CHEADELVIS; hand_file=FILE_GHAND_ELVIS,Elvis,0x004A,0x019D
Elvis (Waistcoat),0x0005,0x0094,,,mpbody_slot=0x0D; mpbody_const=MPBODY_ELVISWAISTCOAT; body_const=BODY_ELVISWAISTCOAT; body_file=FILE_CELVISWAISTCOAT; head_const=HEAD_ELVIS; head_file=FILE_CHEADELVIS; hand_file=FILE_GHAND_ELVIS,Elvis,0x050C,0x019D
Daniel Carrington,0x0007,0x005A,"0x055D,0x055E,0x055F,0x0560,0x5341,0x537C,0x537D",,mpbody_slot=0x0E; mpbody_const=MPBODY_CARRINGTON; body_const=BODY_CARRINGTON; body_file=FILE_CCARRINGTON; head_const=HEAD_CARRINGTON; head_file=FILE_CHEADCARRINGTON; hand_file=FILE_GHAND_CARRINGTON,Carrington,0x0040,0x019F
Carrington Evening Wear,0x0007,0x0090,"0x055D,0x055E,0x055F,0x0560,0x5341,0x537C,0x537D",,mpbody_slot=0x0F; mpbody_const=MPBODY_CARREVENINGSUIT; body_const=BODY_CARREVENINGSUIT; body_file=FILE_CCARREVENINGSUIT; head_const=HEAD_CARRINGTON; head_file=FILE_CHEADCARRINGTON; hand_file=FILE_GHAND_MRBLONDE,Carrington,0x04A9,0x019F
Mr. Blonde,0x0008,0x005B,,,mpbody_slot=0x10; mpbody_const=MPBODY_MRBLONDE; body_const=BODY_MRBLONDE; body_file=FILE_CMRBLONDE; head_const=HEAD_MRBLONDE; head_file=FILE_CHEADMRBLONDE; hand_file=FILE_GHAND_MRBLONDE,Mrblonde,0x004E,0x01A0
Cassandra De Vries,0x000E,0x0066,,,mpbody_slot=0x11; mpbody_const=MPBODY_CASSANDRA; body_const=BODY_CASSANDRA; body_file=FILE_CCASSANDRA; head_const=HEAD_CASSANDRA; head_file=FILE_CHEADCASSANDRA; hand_file=FILE_GHAND_VRIES,Cassandra,0x0041,0x01A6
Trent Easton,0x0009,0x005D,,,mpbody_slot=0x12; mpbody_const=MPBODY_TRENT; body_const=BODY_TRENT; body_file=FILE_CTRENT; head_const=HEAD_TRENT; head_file=FILE_CHEADTRENT; hand_file=FILE_GHAND_TRENT,Trent,0x0057,0x01A1
Jonathan,0x0028,0x0091,,,mpbody_slot=0x13; mpbody_const=MPBODY_JONATHAN; body_const=BODY_JONATHAN; body_file=FILE_CJONATHON; head_const=HEAD_JONATHAN; head_file=FILE_CHEADJONATHAN; hand_file=FILE_GHAND_A51GUARD,Jonathan,0x04AA,0x033A
CI Male Lab Technician,,0x008E,,,mpbody_slot=0x14; mpbody_const=MPBODY_CILABTECH; body_const=BODY_CILABTECH; body_file=FILE_CCILABTECH; head_const=1000(dynamic); hand_file=FILE_GHAND_CIFEMTECH,Dynamic pool,0x04A5,
CI Female Lab Technician,,0x008F,,,mpbody_slot=0x15; mpbody_const=MPBODY_CIFEMTECH; body_const=BODY_CIFEMTECH; body_file=FILE_CCIFEMTECH; head_const=1000(dynamic); hand_file=FILE_GHAND_CIFEMTECH,Dynamic pool,0x04A6,
CI Soldier,,0x0092,,,mpbody_slot=0x16; mpbody_const=MPBODY_CISOLDIER; body_const=BODY_CISOLDIER; body_file=FILE_CCISOLDIER; head_const=1000(dynamic); hand_file=FILE_GHAND_CISOLDIER,Dynamic pool,0x04AB,
dataDyne Shock Trooper,0x000A,0x005E,,,mpbody_slot=0x17; mpbody_const=MPBODY_DDSHOCK; body_const=BODY_DDSHOCK; body_file=FILE_CDDSHOCK; head_const=HEAD_DDSHOCK; head_file=FILE_CHEADDDSHOCK; hand_file=FILE_GHAND_DDFODDER,Ddshock,0x0045,0x01A2
dataDyne Female Guard,,0x0068,,,mpbody_slot=0x18; mpbody_const=MPBODY_FEM_GUARD; body_const=BODY_FEM_GUARD; body_file=FILE_CFEM_GUARD; head_const=1000(dynamic); hand_file=FILE_GHAND_JOTRENCH,Dynamic pool,0x004C,
dataDyne Security,,0x006A,,,mpbody_slot=0x19; mpbody_const=MPBODY_DD_SECGUARD; body_const=BODY_DD_SECGUARD; body_file=FILE_CDD_SECGUARD; head_const=1000(dynamic); hand_file=FILE_GHAND_DDSECURITY,Dynamic pool,0x0046,
dataDyne Infantry,,0x006E,,,mpbody_slot=0x1A; mpbody_const=MPBODY_DD_GUARD; body_const=BODY_DD_GUARD; body_file=FILE_CDD_GUARD; head_const=1000(dynamic); hand_file=FILE_GHAND_DDSECURITY,Dynamic pool,0x01BF,
dataDyne Trooper,,0x006F,,,mpbody_slot=0x1B; mpbody_const=MPBODY_DD_SHOCK_INF; body_const=BODY_DD_SHOCK_INF; body_file=FILE_CDD_SHOCK_INF; head_const=1000(dynamic); hand_file=FILE_GHAND_DDSHOCK,Dynamic pool,0x01C4,
Secretary,,0x0065,,,mpbody_slot=0x1C; mpbody_const=MPBODY_SECRETARY; body_const=BODY_SECRETARY; body_file=FILE_CSECRETARY; head_const=1000(dynamic); hand_file=FILE_GHAND_JOFROCK,Dynamic pool,0x0052,
Office Suit,,0x0063,,,mpbody_slot=0x1D; mpbody_const=MPBODY_OFFICEWORKER; body_const=BODY_OFFICEWORKER; body_file=FILE_COFFICEWORKER; head_const=1000(dynamic); hand_file=FILE_GHAND_JOFROCK,Dynamic pool,0x004F,
Office Casual,,0x0064,,,mpbody_slot=0x1E; mpbody_const=MPBODY_OFFICEWORKER2; body_const=BODY_OFFICEWORKER2; body_file=FILE_COFFICEWORKER2; head_const=1000(dynamic); hand_file=FILE_GHAND_JOFROCK,Dynamic pool,0x0050,
Negotiator,,0x007E,,,mpbody_slot=0x1F; mpbody_const=MPBODY_NEGOTIATOR; body_const=BODY_NEGOTIATOR; body_file=FILE_CNEGOTIATOR; head_const=1000(dynamic); hand_file=FILE_GHAND_JOFROCK,Dynamic pool,0x0246,
dataDyne Sniper,0x0030,0x008C,,,mpbody_slot=0x20; mpbody_const=MPBODY_DDSNIPER; body_const=BODY_DDSNIPER; body_file=FILE_CDDSNIPER; head_const=HEAD_DDSNIPER; head_file=FILE_CHEADDDSNIPER; hand_file=FILE_GHAND_DDSNIPER,Ddsniper,0x04A3,0x04AE
G5 Guard,,0x007F,,,mpbody_slot=0x21; mpbody_const=MPBODY_G5_GUARD; body_const=BODY_G5_GUARD; body_file=FILE_CG5_GUARD; head_const=1000(dynamic); hand_file=FILE_GHAND_G5GUARD,Dynamic pool,0x0261,
G5 SWAT Guard,,0x0081,,,mpbody_slot=0x22; mpbody_const=MPBODY_G5_SWAT_GUARD; body_const=BODY_G5_SWAT_GUARD; body_file=FILE_CG5_SWAT_GUARD; head_const=1000(dynamic); hand_file=FILE_GHAND_G5GUARD,Dynamic pool,0x0264,
CIA Agent,,0x0073,,,mpbody_slot=0x23; mpbody_const=MPBODY_CIAGUY; body_const=BODY_CIAGUY; body_file=FILE_CCIAGUY; head_const=1000(dynamic); hand_file=FILE_GHAND_CIA,Dynamic pool,0x01CB,
FBI Agent,,0x0072,,,mpbody_slot=0x24; mpbody_const=MPBODY_FBIGUY; body_const=BODY_FBIGUY; body_file=FILE_CFBIGUY; head_const=1000(dynamic); hand_file=FILE_GHAND_FBIARM,Dynamic pool,0x01C9,
Area 51 Guard,,0x0058,,,mpbody_slot=0x25; mpbody_const=MPBODY_AREA51GUARD; body_const=BODY_AREA51GUARD; body_file=FILE_CAREA51GUARD; head_const=1000(dynamic); hand_file=FILE_GHAND_A51GUARD,Dynamic pool,0x003F,
Area 51 Trooper,,0x0074,,,mpbody_slot=0x26; mpbody_const=MPBODY_A51TROOPER; body_const=BODY_A51TROOPER; body_file=FILE_CA51TROOPER; head_const=1000(dynamic); hand_file=FILE_GHAND_JOFROCK,Dynamic pool,0x01CC,
Pilot,,0x0075,,,mpbody_slot=0x27; mpbody_const=MPBODY_A51AIRMAN; body_const=BODY_A51AIRMAN; body_file=FILE_CA51AIRMAN; head_const=1000(dynamic); hand_file=FILE_GHAND_A51AIRMAN,Dynamic pool,0x0231,
Overalls,,0x0059,,,mpbody_slot=0x28; mpbody_const=MPBODY_OVERALL; body_const=BODY_OVERALL; body_file=FILE_COVERALL; head_const=1000(dynamic); hand_file=FILE_GHAND_A51GUARD,Dynamic pool,0x0051,
NSA Bodyguard,,0x0060,,,mpbody_slot=0x29; mpbody_const=MPBODY_STRIPES; body_const=BODY_STRIPES; body_file=FILE_CSTRIPES; head_const=1000(dynamic); hand_file=FILE_GHAND_BLACKGUARD,Dynamic pool,0x0054,
Male Lab Technician,,0x005F,,,mpbody_slot=0x2A; mpbody_const=MPBODY_LABTECH; body_const=BODY_LABTECH; body_file=FILE_CLABTECH; head_const=1000(dynamic); hand_file=FILE_GHAND_MRBLONDE,Dynamic pool,0x004D,
Female Lab Technician,,0x008B,,,mpbody_slot=0x2B; mpbody_const=MPBODY_FEMLABTECH; body_const=BODY_FEMLABTECH; body_file=FILE_CFEMLABTECH; head_const=1000(dynamic); hand_file=FILE_GHAND_MRBLONDE,Dynamic pool,0x04A2,
dataDyne Lab Technician,,0x0069,,,mpbody_slot=0x2C; mpbody_const=MPBODY_DD_LABTECH; body_const=BODY_DD_LABTECH; body_file=FILE_CDD_LABTECH; head_const=1000(dynamic); hand_file=FILE_GHAND_DDLABTECH,Dynamic pool,0x0194,
Biotechnician,0x001D,0x0071,,,mpbody_slot=0x2D; mpbody_const=MPBODY_BIOTECH; body_const=BODY_BIOTECH; body_file=FILE_CBIOTECH; head_const=HEAD_BIOTECH; head_file=FILE_CHEADBIOTECH; hand_file=FILE_GHAND_DDBIO,Biotech,0x01C8,0x01D0
Alaskan Guard,,0x0082,,,mpbody_slot=0x2E; mpbody_const=MPBODY_ALASKAN_GUARD; body_const=BODY_ALASKAN_GUARD; body_file=FILE_CALASKAN_GUARD; head_const=1000(dynamic); hand_file=FILE_GHAND_JOSNOW,Dynamic pool,0x0265,
Air Force One Pilot,,0x008D,,,mpbody_slot=0x2F; mpbody_const=MPBODY_PILOTAF1; body_const=BODY_PILOTAF1; body_file=FILE_CPILOTAF1; head_const=1000(dynamic); hand_file=FILE_GHAND_JOPILOT,Dynamic pool,0x04A4,
Steward,,0x0077,,,mpbody_slot=0x30; mpbody_const=MPBODY_STEWARD; body_const=BODY_STEWARD; body_file=FILE_CSTEWARD; head_const=1000(dynamic); hand_file=FILE_GHAND_JOFROCK,Dynamic pool,0x0237,
Stewardess,,0x0078,,,mpbody_slot=0x31; mpbody_const=MPBODY_STEWARDESS; body_const=BODY_STEWARDESS; body_file=FILE_CSTEWARDESS; head_const=1000(dynamic); hand_file=FILE_GHAND_JOFROCK,Dynamic pool,0x0239,
Head Stewardess,,0x007A,,,mpbody_slot=0x32; mpbody_const=MPBODY_STEWARDESS_COAT; body_const=BODY_STEWARDESS_COAT; body_file=FILE_CSTEWARDESS_COAT; head_const=1000(dynamic); hand_file=FILE_GHAND_STEWARDESS_COAT,Dynamic pool,0x023C,
The President,0x003D,0x0079,"0x0A8B,0x0A8C,0x0A8D,0x533C,0x533D,0x537D",,mpbody_slot=0x33; mpbody_const=MPBODY_PRESIDENT; body_const=BODY_PRESIDENT; body_file=FILE_CPRESIDENT; head_const=HEAD_PRESIDENT; head_file=FILE_CHEADPRESIDENT; hand_file=FILE_GHAND_PRESIDENT,President,0x023B,0x055B
NSA Lackey,,0x007C,,,mpbody_slot=0x34; mpbody_const=MPBODY_NSA_LACKEY; body_const=BODY_NSA_LACKEY; body_file=FILE_CNSA_LACKEY; head_const=1000(dynamic); hand_file=FILE_GHAND_CARRINGTON,Dynamic pool,0x0242,
Presidential Security,,0x007D,,,mpbody_slot=0x35; mpbody_const=MPBODY_PRES_SECURITY; body_const=BODY_PRES_SECURITY; body_file=FILE_CPRES_SECURITY; head_const=1000(dynamic); hand_file=FILE_GHAND_CARRINGTON,Dynamic pool,0x0244,
"President""s Clone",0x003D,0x0085,"0x0A8B,0x0A8C,0x0A8D,0x533C,0x533D,0x537D",,mpbody_slot=0x36; mpbody_const=MPBODY_PRESIDENT_CLONE2; body_const=BODY_PRESIDENT_CLONE2; body_file=FILE_CPRESIDENT_CLONE; head_const=HEAD_PRESIDENT; head_file=FILE_CHEADPRESIDENT; hand_file=FILE_GHAND_PRESIDENT,President,0x0339,0x055B
Pelagic II Guard,,0x0080,,,mpbody_slot=0x37; mpbody_const=MPBODY_PELAGIC_GUARD; body_const=BODY_PELAGIC_GUARD; body_file=FILE_CPELAGIC_GUARD; head_const=1000(dynamic); hand_file=FILE_GHAND_TRAGIC_PELAGIC,Dynamic pool,0x0263,
Maian Soldier,0x0029,0x0083,,,mpbody_slot=0x38; mpbody_const=MPBODY_MAIAN_SOLDIER; body_const=BODY_MAIAN_SOLDIER; body_file=FILE_CMAIAN_SOLDIER; head_const=HEAD_MAIAN_S; head_file=FILE_CHEADMAIAN_S; hand_file=FILE_GHAND_ELVIS,Maian S,0x0266,0x033B
Choose a head to load over:,,0x0084,,,mpbody_slot=0x39; mpbody_const=MPBODY_PRESIDENT_CLONE; body_const=BODY_PRESIDENT_CLONE; body_file=FILE_CSKEDAR2; head_const=1000(dynamic); hand_file=FILE_GHAND_SKEDAR,Dynamic pool,,
Need Space For Head,,0x0070,,,mpbody_slot=0x3A; mpbody_const=MPBODY_TESTCHR; body_const=BODY_TESTCHR; body_file=FILE_CDRCARROLL2; head_const=1000(dynamic); hand_file=FILE_GHAND_DRCARROLL,Dynamic pool,,
Connery,,0x0001,,,mpbody_slot=0x39; mpbody_const=MPBODY_CONNERY; body_const=BODY_CONNERY; body_file=FILE_CCONNERY; head_const=1000(dynamic); hand_file=FILE_GHAND_MRBLONDE,Dynamic pool,0x0199,
Moore,,0x0003,,,mpbody_slot=0x3A; mpbody_const=MPBODY_MOORE; body_const=BODY_MOORE; body_file=FILE_CMOORE; head_const=1000(dynamic); hand_file=FILE_GHAND_DDSECURITY,Dynamic pool,0x019A,
Dalton,,0x0002,,,mpbody_slot=0x3B; mpbody_const=MPBODY_DALTON; body_const=BODY_DALTON; body_file=FILE_CDALTON; head_const=1000(dynamic); hand_file=FILE_GHAND_DDSECURITY,Dynamic pool,0x019B,
Djbond,,0x0000,,,mpbody_slot=0x3C; mpbody_const=MPBODY_DJBOND; body_const=BODY_DJBOND; body_file=FILE_CDJBOND; head_const=1000(dynamic); hand_file=FILE_GHAND_DDSECURITY,Dynamic pool,0x0047,
Natalya,0x0097,0x009B,,,mpbody_slot=0x3F; mpbody_const=MPBODY_NATALYA; body_const=BODY_NATALYA; body_file=FILE_CNATALYAZ; head_const=HEAD_NATALYA; head_file=0; hand_file=FILE_GHAND_JOFROCK,Natalya,,
Xenia,0x0098,0x009C,,,mpbody_slot=0x40; mpbody_const=MPBODY_XENIA; body_const=BODY_XENIA; body_file=FILE_CXENIAZ; head_const=HEAD_XENIA; head_file=FILE_CHEADXENIAZ; hand_file=FILE_GHAND_XENIAZ,Xenia,,
Ourumov,0x0099,0x009D,,,mpbody_slot=0x41; mpbody_const=MPBODY_OURUMOV; body_const=BODY_OURUMOV; body_file=FILE_COURUMOVZ; head_const=HEAD_OURUMOV; head_file=FILE_CHEADOURUMOVZ; hand_file=FILE_GHAND_OURUMOVZ,Ourumov,,
Oddjob,0x009A,0x009E,,,mpbody_slot=0x42; mpbody_const=MPBODY_ODDJOB; body_const=BODY_ODDJOB; body_file=FILE_CODDJOBZ; head_const=HEAD_ODDJOB; head_file=FILE_CHEADODDJOBZ; hand_file=FILE_GHAND_ODDJOBZ,Oddjob,,
Trevelyan Janus,0x009F,0x00B4,,,mpbody_slot=0x43; mpbody_const=MPBODY_TREVELYAN_JANUS; body_const=BODY_TREVELYAN_JANUS; body_file=FILE_CTREVELYANZ; head_const=HEAD_TREVELYAN_Z; head_file=FILE_CHEADTREVELYANZ; hand_file=FILE_GHAND_TREVELYANZ,Trevelyan,,
Natalya Cuba,0x0097,0x00B5,,,mpbody_slot=0x44; mpbody_const=MPBODY_NATALYA_CUBA; body_const=BODY_NATALYA_CUBA; body_file=FILE_CSPICEBONDZ; head_const=HEAD_NATALYA; head_file=0; hand_file=FILE_GHAND_JOFROCK,Natalya,,
Bond Brosnan Classic,0x00A0,0x00B6,,,mpbody_slot=0x45; mpbody_const=MPBODY_BOND_BROSNAN_CLASSIC; body_const=BODY_BOND_BROSNAN_CLASSIC; body_file=FILE_CDJBOND2Z; head_const=HEAD_BROSNAN_CLASSIC; head_file=FILE_CHEADBROSNANZ; hand_file=FILE_GHAND_BONDZ,Brosnan Classic,,
Bond Dalton Classic,0x00A1,0x00B7,,,mpbody_slot=0x46; mpbody_const=MPBODY_BOND_DALTON_CLASSIC; body_const=BODY_BOND_DALTON_CLASSIC; body_file=FILE_CDALTON2Z; head_const=HEAD_DALTON_CLASSIC; head_file=FILE_CHEADDALTONZ; hand_file=FILE_GHAND_BONDZ,Dalton Classic,,
Bond Connery Classic,0x00A2,0x00B8,,,mpbody_slot=0x47; mpbody_const=MPBODY_BOND_CONNERY_CLASSIC; body_const=BODY_BOND_CONNERY_CLASSIC; body_file=FILE_CCONNERY2Z; head_const=HEAD_CONNERY_CLASSIC; head_file=FILE_CHEADCONNERYZ; hand_file=FILE_GHAND_BONDWHITEZ,Connery Classic,,
Bond Moore Classic,0x00A3,0x00B9,,,mpbody_slot=0x48; mpbody_const=MPBODY_BOND_MOORE_CLASSIC; body_const=BODY_BOND_MOORE_CLASSIC; body_file=FILE_CMOORE2Z; head_const=HEAD_MOORE_CLASSIC; head_file=FILE_CHEADMOOREZ; hand_file=FILE_GHAND_BONDZ,Moore Classic,,
Bond Lazenby Classic,0x00A4,0x00BA,,,mpbody_slot=0x49; mpbody_const=MPBODY_BOND_LAZENBY_CLASSIC; body_const=BODY_BOND_LAZENBY_CLASSIC; body_file=FILE_CLAZENBYZ; head_const=HEAD_LAZENBY_CLASSIC; head_file=FILE_CHEADLAZENBYZ; hand_file=FILE_GHAND_BONDZ,Lazenby Classic,,
Jaws,0x00A5,0x00BB,,,mpbody_slot=0x4A; mpbody_const=MPBODY_JAWS; body_const=BODY_JAWS; body_file=FILE_CJAWSZ; head_const=HEAD_JAWS_Z; head_file=FILE_CHEADJAWSZ; hand_file=FILE_GHAND_MRBLONDE,Jaws,,
Snowguard,0x00A6,0x00BC,,,mpbody_slot=0x4B; mpbody_const=MPBODY_SNOWGUARD; body_const=BODY_SNOWGUARD; body_file=FILE_CSNOWGUARDZ; head_const=HEAD_SNOWGUARD_Z; head_file=FILE_CHEADSNOWGUARDZ; hand_file=FILE_GHAND_SNOWGUARDZ,Snowguard,,
Bond Arctic,0x00A7,0x00BD,,,mpbody_slot=0x4C; mpbody_const=MPBODY_BOND_ARCTIC; body_const=BODY_BOND_ARCTIC; body_file=FILE_CSNOWBONDZ; head_const=HEAD_BROSNAN_VARIANT; head_file=FILE_CHEADBROSNAN2Z; hand_file=FILE_GHAND_SNOWGUARDZ,Brosnan Variant,,
Mishkin,0x00A8,0x00BE,,,mpbody_slot=0x4D; mpbody_const=MPBODY_MISHKIN_Z; body_const=BODY_MISHKIN_Z; body_file=FILE_CGREATGUARDZ; head_const=HEAD_MISHKIN_Z; head_file=FILE_CHEADMISHKINZ; hand_file=FILE_GHAND_MISHKINZ,Mishkin,,
Bond Formal,0x00A7,0x00BF,,,mpbody_slot=0x4E; mpbody_const=MPBODY_BOND_FORMAL; body_const=BODY_BOND_FORMAL; body_file=FILE_CSUITBONDZ; head_const=HEAD_BROSNAN_VARIANT; head_file=FILE_CHEADBROSNAN2Z; hand_file=FILE_GHAND_BLUE_SUITZ,Brosnan Variant,,
Bond Stealth,0x00A7,0x00C0,,,mpbody_slot=0x4F; mpbody_const=MPBODY_BOND_STEALTH; body_const=BODY_BOND_STEALTH; body_file=FILE_CBOILERBONDZ; head_const=HEAD_BROSNAN_VARIANT; head_file=FILE_CHEADBROSNAN2Z; hand_file=FILE_GHAND_BLACKSTEALTHZ,Brosnan Variant,,
Trevelyan 006,0x009F,0x00C1,,,mpbody_slot=0x50; mpbody_const=MPBODY_TREVELYAN_006; body_const=BODY_TREVELYAN_006; body_file=FILE_CBOILERTREVZ; head_const=HEAD_TREVELYAN_Z; head_file=FILE_CHEADTREVELYANZ; hand_file=FILE_GHAND_BLACKSTEALTHZ,Trevelyan,,
Bond Jungle,0x00A7,0x00C2,,,mpbody_slot=0x51; mpbody_const=MPBODY_BOND_JUNGLE; body_const=BODY_BOND_JUNGLE; body_file=FILE_CTIMBERBONDZ; head_const=HEAD_BROSNAN_VARIANT; head_file=FILE_CHEADBROSNAN2Z; hand_file=FILE_GHAND_JOFROCK,Brosnan Variant,,
Boris,0x00A9,0x00C3,,,mpbody_slot=0x52; mpbody_const=MPBODY_BORIS; body_const=BODY_BORIS; body_file=FILE_CBORISZ; head_const=HEAD_BORIS_Z; head_file=FILE_CHEADBORISZ; hand_file=FILE_GHAND_BORISZ,Boris,,
Valentin,0x00AA,0x00C4,,,mpbody_slot=0x53; mpbody_const=MPBODY_VALENTIN; body_const=BODY_VALENTIN; body_file=FILE_CVALENTINZ; head_const=HEAD_VALENTIN_Z; head_file=FILE_CHEADVALENTINZ; hand_file=FILE_GHAND_ODDJOBZ,Valentin,,
Mayday,0x00AB,0x00C5,,,mpbody_slot=0x54; mpbody_const=MPBODY_MAYDAY; body_const=BODY_MAYDAY; body_file=FILE_CMAYDAYZ; head_const=HEAD_MAYDAY_Z; head_file=FILE_CHEADMAYDAYZ; hand_file=FILE_GHAND_MAYDAYZ,Mayday,,
Baron Samedi,0x00AC,0x00C6,,,mpbody_slot=0x55; mpbody_const=MPBODY_BARON_SAMEDI; body_const=BODY_BARON_SAMEDI; body_file=FILE_CBARONSAMEDIZ; head_const=HEAD_BARON_SAMEDI_Z; head_file=FILE_CHEADBARONSAMEDIZ; hand_file=FILE_GHAND_SAMEDIZ,Baron Samedi,,
Baron Samedi Death,0x00AD,0x00C7,,,mpbody_slot=0x56; mpbody_const=MPBODY_BARON_SAMEDI_DEATH; body_const=BODY_BARON_SAMEDI_DEATH; body_file=FILE_CBARONSAMEDI2Z; head_const=HEAD_BARON_SAMEDI_DEATH_Z; head_file=FILE_CHEADBARONSAMEDI2Z; hand_file=FILE_GHAND_SAMEDI2Z,Baron Samedi Death,,
Santa,0x00AE,0x00C8,,,mpbody_slot=0x57; mpbody_const=MPBODY_SANTA; body_const=BODY_SANTA; body_file=FILE_CSANTAZ; head_const=HEAD_SANTA_Z; head_file=FILE_CHEADSANTAZ; hand_file=FILE_GHAND_SANTAZ,Santa,,
Elf,0x00AF,0x00C9,,,mpbody_slot=0x58; mpbody_const=MPBODY_ELF; body_const=BODY_ELF; body_file=FILE_CELFZ; head_const=HEAD_ELF_Z; head_file=FILE_CHEADELFZ; hand_file=FILE_GHAND_ELFZ,Elf,,
Pilot Ge,0x00B0,0x00CA,,,mpbody_slot=0x59; mpbody_const=MPBODY_PILOT_GE; body_const=BODY_PILOT_GE; body_file=FILE_CPILOTZ; head_const=HEAD_PILOT_Z; head_file=FILE_CHEADPILOTZ; hand_file=FILE_GHAND_PILOTZ,Pilot,,
Marion,0x00B1,0x00CB,,,mpbody_slot=0x5A; mpbody_const=MPBODY_MARION; body_const=BODY_MARION; body_file=FILE_CFATTECHWOMANZ; head_const=HEAD_MARION_Z; head_file=FILE_CHEADMARIONZ; hand_file=FILE_GHAND_JOFROCK,Marion,,
Bond Connery Alps,0x00A2,0x00CC,,,mpbody_slot=0x5B; mpbody_const=MPBODY_BOND_CONNERY_ALPS; body_const=BODY_BOND_CONNERY_ALPS; body_file=FILE_CBONDALPSZ; head_const=HEAD_CONNERY_CLASSIC; head_file=FILE_CHEADCONNERYZ; hand_file=FILE_GHAND_BONDALPSZ,Connery Classic,,
Bond Connery Ranch,0x00A2,0x00CD,,,mpbody_slot=0x5C; mpbody_const=MPBODY_BOND_CONNERY_RANCH; body_const=BODY_BOND_CONNERY_RANCH; body_file=FILE_CBONDRANCHZ; head_const=HEAD_CONNERY_CLASSIC; head_file=FILE_CHEADCONNERYZ; hand_file=FILE_GHAND_BONDRANCHZ,Connery Classic,,
Galore Plane,0x00B2,0x00CE,,,mpbody_slot=0x5D; mpbody_const=MPBODY_GALORE_PLANE; body_const=BODY_GALORE_PLANE; body_file=FILE_CGALOREPLANEZ; head_const=HEAD_GALORE_Z; head_file=FILE_CHEADGALOREZ; hand_file=FILE_GHAND_MISHKINZ,Galore,,
Galore Ranch,0x00B2,0x00CF,,,mpbody_slot=0x5E; mpbody_const=MPBODY_GALORE_RANCH; body_const=BODY_GALORE_RANCH; body_file=FILE_CGALORERANCHZ; head_const=HEAD_GALORE_Z; head_file=FILE_CHEADGALOREZ; hand_file=FILE_GHAND_GALORERANCHZ,Galore,,
Sogun,0x00B3,0x00D0,,,mpbody_slot=0x5F; mpbody_const=MPBODY_SOGUN; body_const=BODY_SOGUN; body_file=FILE_CSOGUNTRONZ; head_const=HEAD_SOGUN_Z; head_file=FILE_CHEADSOGUNZ; hand_file=FILE_GHAND_SOGUNTRONZ,Sogun,,
Natalya Santa,0x0097,0x00D1,,,mpbody_slot=0x60; mpbody_const=MPBODY_NATALYA_SANTA; body_const=BODY_NATALYA_SANTA; body_file=FILE_CNATALYA_XMASZ; head_const=HEAD_NATALYA; head_file=0; hand_file=FILE_GHAND_JOFROCK,Natalya,,
Natalya Elf,0x0097,0x00D2,,,mpbody_slot=0x61; mpbody_const=MPBODY_NATALYA_ELF; body_const=BODY_NATALYA_ELF; body_file=FILE_CNATALYA_ELFZ; head_const=HEAD_NATALYA; head_file=0; hand_file=FILE_GHAND_JOFROCK,Natalya,,
Officeworker,0x00D3,0x0063,,,mpbody_slot=0x62; mpbody_const=MPBODY_OFFICEWORKER; body_const=BODY_OFFICEWORKER; body_file=FILE_COFFICEWORKER; head_const=HEAD_DOAK_Z1; head_file=FILE_CHEADDAVEDZ; hand_file=FILE_GHAND_JOFROCK,Doak1,0x004F,
Officeworker,0x00D4,0x0063,,,mpbody_slot=0x63; mpbody_const=MPBODY_OFFICEWORKER; body_const=BODY_OFFICEWORKER; body_file=FILE_COFFICEWORKER; head_const=HEAD_DOAK_Z2; head_file=FILE_CHEADDAVED2Z; hand_file=FILE_GHAND_JOFROCK,Doak2,0x004F,
Dd Guard,0x00D5,0x006E,,,mpbody_slot=0x64; mpbody_const=MPBODY_DD_GUARD; body_const=BODY_DD_GUARD; body_file=FILE_CDD_GUARD; head_const=HEAD_TERRORIST_Z; head_file=FILE_CHEADBALACLAVAZ; hand_file=FILE_GHAND_DDSECURITY,Terrorist,0x01BF,
Officeworker,0x00D6,0x0063,,,mpbody_slot=0x65; mpbody_const=MPBODY_OFFICEWORKER; body_const=BODY_OFFICEWORKER; body_file=FILE_COFFICEWORKER; head_const=HEAD_DWAYNE_Z; head_file=FILE_CHEADDWAYNEZ; hand_file=FILE_GHAND_JOFROCK,Dwayne,0x004F,
Officeworker,0x00D8,0x0063,,,mpbody_slot=0x66; mpbody_const=MPBODY_OFFICEWORKER; body_const=BODY_OFFICEWORKER; body_file=FILE_COFFICEWORKER; head_const=HEAD_KARL_Z2; head_file=FILE_CHEADKARL2Z; hand_file=FILE_GHAND_JOFROCK,Karl2,0x004F,
Officeworker,0x00DB,0x0063,,,mpbody_slot=0x67; mpbody_const=MPBODY_OFFICEWORKER; body_const=BODY_OFFICEWORKER; body_file=FILE_COFFICEWORKER; head_const=HEAD_DUNCAN_Z1; head_file=FILE_CHEADDUNCAN0Z; hand_file=FILE_GHAND_JOFROCK,Duncan1,0x004F,
Officeworker,0x00DC,0x0063,,,mpbody_slot=0x68; mpbody_const=MPBODY_OFFICEWORKER; body_const=BODY_OFFICEWORKER; body_file=FILE_COFFICEWORKER; head_const=HEAD_DUNCAN_Z2; head_file=FILE_CHEADDUNCAN01Z; hand_file=FILE_GHAND_JOFROCK,Duncan2,0x004F,
Officeworker,0x00DE,0x0063,,,mpbody_slot=0x69; mpbody_const=MPBODY_OFFICEWORKER; body_const=BODY_OFFICEWORKER; body_file=FILE_COFFICEWORKER; head_const=HEAD_GRANT_Z; head_file=FILE_CHEADGRANT0Z; hand_file=FILE_GHAND_JOFROCK,Grant,0x004F,
Officeworker,0x00DF,0x0063,,,mpbody_slot=0x6A; mpbody_const=MPBODY_OFFICEWORKER; body_const=BODY_OFFICEWORKER; body_file=FILE_COFFICEWORKER; head_const=HEAD_ROBIN_Z; head_file=FILE_CHEADROBIN0Z; hand_file=FILE_GHAND_JOFROCK,Robin,0x004F,
Officeworker,0x00E0,0x0063,,,mpbody_slot=0x6B; mpbody_const=MPBODY_OFFICEWORKER; body_const=BODY_OFFICEWORKER; body_file=FILE_COFFICEWORKER; head_const=HEAD_GRAEME_Z1; head_file=FILE_CHEADGRAEMEZ; hand_file=FILE_GHAND_JOFROCK,Graeme1,0x004F,
Officeworker,0x00E1,0x0063,,,mpbody_slot=0x6C; mpbody_const=MPBODY_OFFICEWORKER; body_const=BODY_OFFICEWORKER; body_file=FILE_COFFICEWORKER; head_const=HEAD_GRAEME_Z2; head_file=FILE_CHEADGRAEME2Z; hand_file=FILE_GHAND_JOFROCK,Graeme2,0x004F,
Officeworker,0x00E3,0x0063,,,mpbody_slot=0x6D; mpbody_const=MPBODY_OFFICEWORKER; body_const=BODY_OFFICEWORKER; body_file=FILE_COFFICEWORKER; head_const=HEAD_KEN_LOBB_Z; head_file=FILE_CHEADKEN0Z; hand_file=FILE_GHAND_JOFROCK,Ken Lobb,0x004F,
