SFX NAME,ID TAG
SFX_0000,0x0000
SFX_LAUNCH_ROCKET,0x0001
SFX_EQUIP_HORIZONSCANNER,0x0002
SFX_0003,0x0003
SFX_0004,0x0004
SFX_0005,0x0005
SFX_0006,0x0006
SFX_0007,0x0007
SFX_0008,0x0008
SFX_0009,0x0009
SFX_000A,0x000A
SFX_000B,0x000B
SFX_000C,0x000C
SFX_ARGH_FEMALE_000D,0x000D
SFX_ARGH_FEMALE_000E,0x000E
SFX_ARGH_FEMALE_000F,0x000F
SFX_BOTTLE_BREAK,0x0010
SFX_0011,0x0011
SFX_0012,0x0012
SFX_0013,0x0013
SFX_0014,0x0014
SFX_0015,0x0015
SFX_0016,0x0016
SFX_0017,0x0017
SFX_0018,0x0018
SFX_0019,0x0019
SFX_001A,0x001A
SFX_001B,0x001B
SFX_001C,0x001C
SFX_001D,0x001D
SFX_001E,0x001E
SFX_001F,0x001F
SFX_0020,0x0020
SFX_0021,0x0021
SFX_0022,0x0022
SFX_0023,0x0023
SFX_0024,0x0024
SFX_0025,0x0025
SFX_0026,0x0026
SFX_0027,0x0027
SFX_0028,0x0028
SFX_0029,0x0029
SFX_002A,0x002A
SFX_MENU_CANCEL,0x002B
SFX_002C,0x002C
SFX_002D,0x002D
SFX_002E,0x002E
SFX_002F,0x002F
SFX_0030,0x0030
SFX_0031,0x0031
SFX_0032,0x0032
SFX_0033,0x0033
SFX_0034,0x0034
SFX_0035,0x0035
SFX_0036,0x0036
SFX_0037,0x0037
SFX_0038,0x0038
SFX_0039,0x0039
SFX_003A,0x003A
SFX_003B,0x003B
SFX_003C,0x003C
SFX_003D,0x003D
SFX_HUDMSG,0x003E
SFX_003F,0x003F
SFX_0040,0x0040
SFX_0041,0x0041
SFX_0042,0x0042
SFX_0043,0x0043
SFX_0044,0x0044
SFX_0045,0x0045
SFX_0046,0x0046
SFX_0047,0x0047
SFX_0048,0x0048
SFX_0049,0x0049
SFX_004A,0x004A
SFX_004B,0x004B
SFX_004C,0x004C
SFX_004D,0x004D
SFX_004E,0x004E
SFX_004F,0x004F
SFX_0050,0x0050
SFX_0051,0x0051
SFX_REGEN,0x0052
SFX_0053,0x0053
SFX_0054,0x0054
SFX_0055,0x0055
SFX_0056,0x0056
SFX_0057,0x0057
SFX_0058,0x0058
SFX_0059,0x0059
SFX_005A,0x005A
SFX_CLOAK_ON,0x005B
SFX_CLOAK_OFF,0x005C
SFX_005D,0x005D
SFX_005E,0x005E
SFX_005F,0x005F
SFX_0060,0x0060
SFX_0061,0x0061
SFX_0062,0x0062
SFX_0063,0x0063
SFX_SHIELD_DAMAGE,0x0064
SFX_LASER_STREAM,0x0065
SFX_0066,0x0066
SFX_0067,0x0067
SFX_0068,0x0068
SFX_0069,0x0069
SFX_006A,0x006A
SFX_006B,0x006B
SFX_006C,0x006C
SFX_006D,0x006D
SFX_006E,0x006E
SFX_006F,0x006F
SFX_0070,0x0070
SFX_0071,0x0071
SFX_0072,0x0072
SFX_0073,0x0073
SFX_0074,0x0074
SFX_0075,0x0075
SFX_0076,0x0076
SFX_0077,0x0077
SFX_0078,0x0078
SFX_0079,0x0079
SFX_007A,0x007A
SFX_007B,0x007B
SFX_007C,0x007C
SFX_007D,0x007D
SFX_007E,0x007E
SFX_007F,0x007F
SFX_0080,0x0080
SFX_0081,0x0081
SFX_0082,0x0082
SFX_0083,0x0083
SFX_0084,0x0084
SFX_0085,0x0085
SFX_ARGH_MALE_0086,0x0086
SFX_ARGH_MALE_0087,0x0087
SFX_ARGH_MALE_0088,0x0088
SFX_ARGH_MALE_0089,0x0089
SFX_ARGH_MALE_008A,0x008A
SFX_ARGH_MALE_008B,0x008B
SFX_ARGH_MALE_008C,0x008C
SFX_ARGH_MALE_008D,0x008D
SFX_ARGH_MALE_008E,0x008E
SFX_ARGH_MALE_008F,0x008F
SFX_ARGH_MALE_0090,0x0090
SFX_ARGH_MALE_0091,0x0091
SFX_ARGH_MALE_0092,0x0092
SFX_ARGH_MALE_0093,0x0093
SFX_ARGH_MALE_0094,0x0094
SFX_ARGH_MALE_0095,0x0095
SFX_ARGH_MALE_0096,0x0096
SFX_ARGH_MALE_0097,0x0097
SFX_ARGH_MALE_0098,0x0098
SFX_ARGH_MALE_0099,0x0099
SFX_ARGH_MALE_009A,0x009A
SFX_ARGH_MALE_009B,0x009B
SFX_ARGH_MALE_009C,0x009C
SFX_ARGH_MALE_009D,0x009D
SFX_ARGH_MALE_009E,0x009E
SFX_009F,0x009F
SFX_00A0,0x00A0
SFX_ALARM_AIRBASE,0x00A1
SFX_ALARM_2,0x00A2
SFX_ALARM_DEFAULT,0x00A3
SFX_00A4,0x00A4
SFX_00A5,0x00A5
SFX_00A6,0x00A6
SFX_00A7,0x00A7
SFX_00A8,0x00A8
SFX_00A9,0x00A9
SFX_00AA,0x00AA
SFX_00AB,0x00AB
SFX_00AC,0x00AC
SFX_00AD,0x00AD
SFX_00AE,0x00AE
SFX_00AF,0x00AF
SFX_00B0,0x00B0
SFX_00B1,0x00B1
SFX_00B2,0x00B2
SFX_00B3,0x00B3
SFX_00B4,0x00B4
SFX_00B5,0x00B5
SFX_00B6,0x00B6
SFX_00B7,0x00B7
SFX_00B8,0x00B8
SFX_00B9,0x00B9
SFX_PRESS_SWITCH,0x00BA
SFX_00BB,0x00BB
SFX_00BC,0x00BC
SFX_00BD,0x00BD
SFX_00BE,0x00BE
SFX_00BF,0x00BF
SFX_00C0,0x00C0
SFX_00C1,0x00C1
SFX_00C2,0x00C2
SFX_00C3,0x00C3
SFX_00C4,0x00C4
SFX_00C5,0x00C5
SFX_00C6,0x00C6
SFX_00C7,0x00C7
SFX_00C8,0x00C8
SFX_00C9,0x00C9
SFX_00CA,0x00CA
SFX_00CB,0x00CB
SFX_00CC,0x00CC
SFX_00CD,0x00CD
SFX_00CE,0x00CE
SFX_00CF,0x00CF
SFX_00D0,0x00D0
SFX_00D1,0x00D1
SFX_00D2,0x00D2
SFX_00D3,0x00D3
SFX_00D4,0x00D4
SFX_00D5,0x00D5
SFX_00D6,0x00D6
SFX_00D7,0x00D7
SFX_00D8,0x00D8
SFX_00D9,0x00D9
SFX_00DA,0x00DA
SFX_00DB,0x00DB
SFX_00DC,0x00DC
SFX_00DD,0x00DD
SFX_00DE,0x00DE
SFX_00DF,0x00DF
SFX_00E0,0x00E0
SFX_00E1,0x00E1
SFX_00E2,0x00E2
SFX_00E3,0x00E3
SFX_00E4,0x00E4
SFX_PICKUP_KEYCARD,0x00E5
SFX_00E6,0x00E6
SFX_00E7,0x00E7
SFX_PICKUP_GUN,0x00E8
SFX_PICKUP_KNIFE,0x00E9
SFX_PICKUP_AMMO,0x00EA
SFX_PICKUP_MINE,0x00EB
SFX_00EC,0x00EC
SFX_00ED,0x00ED
SFX_00EE,0x00EE
SFX_00EF,0x00EF
SFX_00F0,0x00F0
SFX_00F1,0x00F1
SFX_PICKUP_LASER,0x00F2
SFX_00F3,0x00F3
SFX_00F4,0x00F4
SFX_BIKE_TAKEOFF,0x00F5
SFX_00F6,0x00F6
SFX_00F7,0x00F7
SFX_00F8,0x00F8
SFX_00F9,0x00F9
SFX_00FA,0x00FA
SFX_00FB,0x00FB
SFX_00FC,0x00FC
SFX_00FD,0x00FD
SFX_00FE,0x00FE
SFX_00FF,0x00FF
SFX_0100,0x0100
SFX_0101,0x0101
SFX_0102,0x0102
SFX_0103,0x0103
SFX_0104,0x0104
SFX_0105,0x0105
SFX_0106,0x0106
SFX_0107,0x0107
SFX_0108,0x0108
SFX_0109,0x0109
SFX_010A,0x010A
SFX_010B,0x010B
SFX_010C,0x010C
SFX_010D,0x010D
SFX_010E,0x010E
SFX_010F,0x010F
SFX_0110,0x0110
SFX_0111,0x0111
SFX_0112,0x0112
SFX_0113,0x0113
SFX_0114,0x0114
SFX_0115,0x0115
SFX_0116,0x0116
SFX_0117,0x0117
SFX_0118,0x0118
SFX_0119,0x0119
SFX_011A,0x011A
SFX_011B,0x011B
SFX_011C,0x011C
SFX_011D,0x011D
SFX_011E,0x011E
SFX_011F,0x011F
SFX_0120,0x0120
SFX_0121,0x0121
SFX_0122,0x0122
SFX_0123,0x0123
SFX_0124,0x0124
SFX_0125,0x0125
SFX_0126,0x0126
SFX_0127,0x0127
SFX_0128,0x0128
SFX_0129,0x0129
SFX_012A,0x012A
SFX_012B,0x012B
SFX_012C,0x012C
SFX_012D,0x012D
SFX_012E,0x012E
SFX_012F,0x012F
SFX_0130,0x0130
SFX_0131,0x0131
SFX_0132,0x0132
SFX_0133,0x0133
SFX_0134,0x0134
SFX_0135,0x0135
SFX_0136,0x0136
SFX_0137,0x0137
SFX_0138,0x0138
SFX_0139,0x0139
SFX_013A,0x013A
SFX_013B,0x013B
SFX_013C,0x013C
SFX_013D,0x013D
SFX_013E,0x013E
SFX_013F,0x013F
SFX_0140,0x0140
SFX_0141,0x0141
SFX_0142,0x0142
SFX_0143,0x0143
SFX_0144,0x0144
SFX_0145,0x0145
SFX_0146,0x0146
SFX_0147,0x0147
SFX_0148,0x0148
SFX_0149,0x0149
SFX_014A,0x014A
SFX_014B,0x014B
SFX_014C,0x014C
SFX_014D,0x014D
SFX_014E,0x014E
SFX_014F,0x014F
SFX_0150,0x0150
SFX_0151,0x0151
SFX_0152,0x0152
SFX_0153,0x0153
SFX_0154,0x0154
SFX_0155,0x0155
SFX_0156,0x0156
SFX_0157,0x0157
SFX_0158,0x0158
SFX_0159,0x0159
SFX_015A,0x015A
SFX_015B,0x015B
SFX_015C,0x015C
SFX_015D,0x015D
SFX_015E,0x015E
SFX_015F,0x015F
SFX_0160,0x0160
SFX_0161,0x0161
SFX_0162,0x0162
SFX_0163,0x0163
SFX_0164,0x0164
SFX_0165,0x0165
SFX_0166,0x0166
SFX_0167,0x0167
SFX_0168,0x0168
SFX_0169,0x0169
SFX_016A,0x016A
SFX_016B,0x016B
SFX_016C,0x016C
SFX_016D,0x016D
SFX_016E,0x016E
SFX_016F,0x016F
SFX_0170,0x0170
SFX_0171,0x0171
SFX_0172,0x0172
SFX_0173,0x0173
SFX_0174,0x0174
SFX_0175,0x0175
SFX_0176,0x0176
SFX_0177,0x0177
SFX_0178,0x0178
SFX_0179,0x0179
SFX_017A,0x017A
SFX_017B,0x017B
SFX_017C,0x017C
SFX_017D,0x017D
SFX_017E,0x017E
SFX_017F,0x017F
SFX_0180,0x0180
SFX_0181,0x0181
SFX_0182,0x0182
SFX_0183,0x0183
SFX_0184,0x0184
SFX_0185,0x0185
SFX_0186,0x0186
SFX_0187,0x0187
SFX_0188,0x0188
SFX_0189,0x0189
SFX_018A,0x018A
SFX_018B,0x018B
SFX_018C,0x018C
SFX_018D,0x018D
SFX_018E,0x018E
SFX_018F,0x018F
SFX_0190,0x0190
SFX_0191,0x0191
SFX_0192,0x0192
SFX_0193,0x0193
SFX_0194,0x0194
SFX_0195,0x0195
SFX_0196,0x0196
SFX_0197,0x0197
SFX_0198,0x0198
SFX_0199,0x0199
SFX_019A,0x019A
SFX_019B,0x019B
SFX_019C,0x019C
SFX_019D,0x019D
SFX_019E,0x019E
SFX_019F,0x019F
SFX_01A0,0x01A0
SFX_01A1,0x01A1
SFX_01A2,0x01A2
SFX_01A3,0x01A3
SFX_01A4,0x01A4
SFX_01A5,0x01A5
SFX_01A6,0x01A6
SFX_01A7,0x01A7
SFX_01A8,0x01A8
SFX_01A9,0x01A9
SFX_01AA,0x01AA
SFX_01AB,0x01AB
SFX_01AC,0x01AC
SFX_01AD,0x01AD
SFX_01AE,0x01AE
SFX_01AF,0x01AF
SFX_01B0,0x01B0
SFX_01B1,0x01B1
SFX_01B2,0x01B2
SFX_01B3,0x01B3
SFX_BIKE_ENGINE,0x01B4
SFX_01B5,0x01B5
SFX_01B6,0x01B6
SFX_01B7,0x01B7
SFX_01B8,0x01B8
SFX_01B9,0x01B9
SFX_01BA,0x01BA
SFX_01BB,0x01BB
SFX_01BC,0x01BC
SFX_EYESPY_RUNNING,0x01BD
SFX_01BE,0x01BE
SFX_01BF,0x01BF
SFX_01C0,0x01C0
SFX_01C1,0x01C1
SFX_01C2,0x01C2
SFX_01C3,0x01C3
SFX_01C4,0x01C4
SFX_01C5,0x01C5
SFX_01C6,0x01C6
SFX_01C7,0x01C7
SFX_SLAYER_BEEP,0x01C8
SFX_01C9,0x01C9
SFX_01CA,0x01CA
SFX_01CB,0x01CB
SFX_01CC,0x01CC
SFX_PICKUP_SHIELD,0x01CD
SFX_01CE,0x01CE
SFX_01CF,0x01CF
SFX_01D0,0x01D0
SFX_01D1,0x01D1
SFX_01D2,0x01D2
SFX_01D3,0x01D3
SFX_01D4,0x01D4
SFX_01D5,0x01D5
SFX_01D6,0x01D6
SFX_01D7,0x01D7
SFX_01D8,0x01D8
SFX_01D9,0x01D9
SFX_01DA,0x01DA
SFX_01DB,0x01DB
SFX_01DC,0x01DC
SFX_01DD,0x01DD
SFX_01DE,0x01DE
SFX_01DF,0x01DF
SFX_01E0,0x01E0
SFX_01E1,0x01E1
SFX_01E2,0x01E2
SFX_01E3,0x01E3
SFX_01E4,0x01E4
SFX_01E5,0x01E5
SFX_01E6,0x01E6
SFX_01E7,0x01E7
SFX_01E8,0x01E8
SFX_01E9,0x01E9
SFX_01EA,0x01EA
SFX_01EB,0x01EB
SFX_01EC,0x01EC
SFX_01ED,0x01ED
SFX_01EE,0x01EE
SFX_01EF,0x01EF
SFX_01F0,0x01F0
SFX_01F1,0x01F1
SFX_01F2,0x01F2
SFX_01F3,0x01F3
SFX_01F4,0x01F4
SFX_01F5,0x01F5
SFX_01F6,0x01F6
SFX_01F7,0x01F7
SFX_01F8,0x01F8
SFX_01F9,0x01F9
SFX_01FA,0x01FA
SFX_01FB,0x01FB
SFX_01FC,0x01FC
SFX_01FD,0x01FD
SFX_01FE,0x01FE
SFX_01FF,0x01FF
SFX_0200,0x0200
SFX_0201,0x0201
SFX_0202,0x0202
SFX_0203,0x0203
SFX_0204,0x0204
SFX_0205,0x0205
SFX_0206,0x0206
SFX_0207,0x0207
SFX_0208,0x0208
SFX_0209,0x0209
SFX_020A,0x020A
SFX_020B,0x020B
SFX_020C,0x020C
SFX_020D,0x020D
SFX_020E,0x020E
SFX_020F,0x020F
SFX_0210,0x0210
SFX_0211,0x0211
SFX_0212,0x0212
SFX_0213,0x0213
SFX_0214,0x0214
SFX_0215,0x0215
SFX_0216,0x0216
SFX_0217,0x0217
SFX_0218,0x0218
SFX_0219,0x0219
SFX_021A,0x021A
SFX_021B,0x021B
SFX_021C,0x021C
SFX_021D,0x021D
SFX_021E,0x021E
SFX_021F,0x021F
SFX_0220,0x0220
SFX_0221,0x0221
SFX_0222,0x0222
SFX_0223,0x0223
SFX_0224,0x0224
SFX_0225,0x0225
SFX_0226,0x0226
SFX_0227,0x0227
SFX_0228,0x0228
SFX_0229,0x0229
SFX_022A,0x022A
SFX_022B,0x022B
SFX_022C,0x022C
SFX_022D,0x022D
SFX_022E,0x022E
SFX_022F,0x022F
SFX_0230,0x0230
SFX_0231,0x0231
SFX_0232,0x0232
SFX_0233,0x0233
SFX_0234,0x0234
SFX_0235,0x0235
SFX_0236,0x0236
SFX_0237,0x0237
SFX_0238,0x0238
SFX_0239,0x0239
SFX_023A,0x023A
SFX_023B,0x023B
SFX_023C,0x023C
SFX_DRCAROLL_COME_ON,0x023D
SFX_DRCAROLL_TAKING_YOUR_TIME,0x023E
SFX_DRCAROLL_WHAT,0x023F
SFX_ARGH_DRCAROLL_0240,0x0240
SFX_0241,0x0241
SFX_0242,0x0242
SFX_DRCAROLL_OH_CRIKEY,0x0243
SFX_DRCAROLL_GOODNESS_GRACIOUS,0x0244
SFX_DRCAROLL_DONT_THEY_KNOW,0x0245
SFX_DRCAROLL_STOP_THAT,0x0246
SFX_DRCAROLL_GET_OUT_OF_HERE,0x0247
SFX_DRCAROLL_KNOW_WHAT_YOURE_DOING,0x0248
SFX_DRCAROLL_0249,0x0249
SFX_024A,0x024A
SFX_DRCAROLL_GOING_TO_THE_HELIPAD,0x024B
SFX_ARGH_DRCAROLL_024C,0x024C
SFX_DRCAROLL_SYSTEMS_FAILURE,0x024D
SFX_DRCAROLL_YOU_GO_ON,0x024E
SFX_DRCAROLL_I_CANT_MAKE_IT,0x024F
SFX_ARGH_DRCAROLL_0250,0x0250
SFX_ARGH_DRCAROLL_0251,0x0251
SFX_DRCAROLL_QUITE_ENOUGH,0x0252
SFX_0253,0x0253
SFX_0254,0x0254
SFX_0255,0x0255
SFX_DRCAROLL_IM_DYING,0x0256
SFX_DRCAROLL_GOODBYE,0x0257
SFX_DRCAROLL_YOU_WERE_SUPPOSED,0x0258
SFX_ARGH_DRCAROLL_0259,0x0259
SFX_ARGH_DRCAROLL_025A,0x025A
SFX_M0_WHAT_THE,0x025B
SFX_M0_WHO_THE,0x025C
SFX_025D,0x025D
SFX_M0_MEDIC,0x025E
SFX_M0_OW,0x025F
SFX_M0_YOU_SHOT_ME,0x0260
SFX_M0_IM_HIT,0x0261
SFX_M0_IM_TAKING_FIRE,0x0262
SFX_M0_TAKING_DAMAGE,0x0263
SFX_M0_HEY_YOU,0x0264
SFX_M0_INTRUDER_ALERT,0x0265
SFX_M0_GOT_A_CONTACT,0x0266
SFX_0267,0x0267
SFX_0268,0x0268
SFX_0269,0x0269
SFX_026A,0x026A
SFX_M0_HEAR_THAT,0x026B
SFX_M0_WHATS_THAT_NOISE,0x026C
SFX_M0_HEARD_A_NOISE,0x026D
SFX_M0_ARE_YOU_OKAY,0x026E
SFX_M0_GOT_A_MAN_DOWN,0x026F
SFX_M0_HES_BOUGHT_IT,0x0270
SFX_0271,0x0271
SFX_M0_INTRUDER_ALERT2,0x0272
SFX_M0_WEVE_GOT_TROUBLE,0x0273
SFX_M0_WEVE_GOT_PROBLEMS,0x0274
SFX_M0_I_SEE_HER,0x0275
SFX_0276,0x0276
SFX_M0_THERE_SHE_IS,0x0277
SFX_M0_THERE_MOVEMENT,0x0278
SFX_0279,0x0279
SFX_027A,0x027A
SFX_M0_CLEAR_SHOT,0x027B
SFX_M0_SHES_MINE,0x027C
SFX_M0_OPEN_FIRE,0x027D
SFX_M0_WIPE_HER_OUT,0x027E
SFX_M0_WASTE_HER,0x027F
SFX_M0_GIVE_IT_UP,0x0280
SFX_M0_SURRENDER_NOW,0x0281
SFX_M0_TAKE_THAT,0x0282
SFX_0283,0x0283
SFX_0284,0x0284
SFX_0285,0x0285
SFX_0286,0x0286
SFX_M0_HOW_DID_I_MISS,0x0287
SFX_0288,0x0288
SFX_M0_SHES_A_TRICKY_ONE,0x0289
SFX_M0_COVER_ME,0x028A
SFX_M0_WATCH_MY_BACK,0x028B
SFX_M0_TAKE_COVER,0x028C
SFX_M0_TAKE_COVER_028D,0x028D
SFX_M0_ILL_COVER_YOU,0x028E
SFX_M0_GET_DOWN,0x028F
SFX_M0_GO_TO_PLAN_B,0x0290
SFX_0291,0x0291
SFX_M0_RETREAT,0x0292
SFX_M0_CATCH,0x0293
SFX_M0_EVERYBODY_DOWN,0x0294
SFX_0295,0x0295
SFX_0296,0x0296
SFX_M0_FALL_BACK,0x0297
SFX_M0_EVERYONE_BACK_OFF,0x0298
SFX_M0_WITHDRAW,0x0299
SFX_M0_FLANK_THE_TARGET,0x029A
SFX_M0_LETS_SPLIT_UP,0x029B
SFX_M0_SURROUND_HER,0x029C
SFX_M0_GRENADE,0x029D
SFX_029E,0x029E
SFX_029F,0x029F
SFX_02A0,0x02A0
SFX_02A1,0x02A1
SFX_M0_SHE_GOT_ME,0x02A2
SFX_M0_GRAB_A_BODY_BAG,0x02A3
SFX_M0_ONE_FOR_THE_MORGUE,0x02A4
SFX_M0_REST_IN_PEACE,0x02A5
SFX_02A6,0x02A6
SFX_M0_DONT_SHOOT_ME,0x02A7
SFX_M0_I_GIVE_UP,0x02A8
SFX_M0_YOU_WIN_I_SURRENDER,0x02A9
SFX_ARGH_JO_02AA,0x02AA
SFX_ARGH_JO_02AB,0x02AB
SFX_ARGH_JO_02AC,0x02AC
SFX_ARGH_JO_02AD,0x02AD
SFX_ARGH_JO_02AE,0x02AE
SFX_ARGH_JO_02AF,0x02AF
SFX_ARGH_JO_02B0,0x02B0
SFX_ARGH_JO_02B1,0x02B1
SFX_ARGH_JO_02B2,0x02B2
SFX_ARGH_JO_02B3,0x02B3
SFX_02B4,0x02B4
SFX_02B5,0x02B5
SFX_02B6,0x02B6
SFX_02B7,0x02B7
SFX_02B8,0x02B8
SFX_02B9,0x02B9
SFX_02BA,0x02BA
SFX_02BB,0x02BB
SFX_02BC,0x02BC
SFX_02BD,0x02BD
SFX_02BE,0x02BE
SFX_02BF,0x02BF
SFX_02C0,0x02C0
SFX_02C1,0x02C1
SFX_02C2,0x02C2
SFX_02C3,0x02C3
SFX_02C4,0x02C4
SFX_02C5,0x02C5
SFX_02C6,0x02C6
SFX_02C7,0x02C7
SFX_02C8,0x02C8
SFX_02C9,0x02C9
SFX_02CA,0x02CA
SFX_02CB,0x02CB
SFX_02CC,0x02CC
SFX_02CD,0x02CD
SFX_02CE,0x02CE
SFX_02CF,0x02CF
SFX_02D0,0x02D0
SFX_02D1,0x02D1
SFX_02D2,0x02D2
SFX_02D3,0x02D3
SFX_02D4,0x02D4
SFX_02D5,0x02D5
SFX_02D6,0x02D6
SFX_02D7,0x02D7
SFX_02D8,0x02D8
SFX_02D9,0x02D9
SFX_02DA,0x02DA
SFX_02DB,0x02DB
SFX_02DC,0x02DC
SFX_02DD,0x02DD
SFX_02DE,0x02DE
SFX_02DF,0x02DF
SFX_02E0,0x02E0
SFX_02E1,0x02E1
SFX_02E2,0x02E2
SFX_02E3,0x02E3
SFX_02E4,0x02E4
SFX_02E5,0x02E5
SFX_02E6,0x02E6
SFX_02E7,0x02E7
SFX_02E8,0x02E8
SFX_02E9,0x02E9
SFX_02EA,0x02EA
SFX_02EB,0x02EB
SFX_02EC,0x02EC
SFX_02ED,0x02ED
SFX_02EE,0x02EE
SFX_02EF,0x02EF
SFX_02F0,0x02F0
SFX_02F1,0x02F1
SFX_02F2,0x02F2
SFX_02F3,0x02F3
SFX_02F4,0x02F4
SFX_02F5,0x02F5
SFX_02F6,0x02F6
SFX_02F7,0x02F7
SFX_02F8,0x02F8
SFX_02F9,0x02F9
SFX_02FA,0x02FA
SFX_02FB,0x02FB
SFX_02FC,0x02FC
SFX_02FD,0x02FD
SFX_02FE,0x02FE
SFX_M1_WHA,0x02FF
SFX_0300,0x0300
SFX_M1_IM_HIT_IM_HIT,0x0301
SFX_M1_IM_BLEEDING,0x0302
SFX_0303,0x0303
SFX_M1_HELP_ME_OUT,0x0304
SFX_M1_IM_IN_TROUBLE,0x0305
SFX_M1_COME_HERE,0x0306
SFX_M1_THERES_SOMEONE_HERE,0x0307
SFX_M1_GET_HER,0x0308
SFX_M1_WHOA,0x0309
SFX_030A,0x030A
SFX_M1_IS_THAT_A_BULLET,0x030B
SFX_030C,0x030C
SFX_030D,0x030D
SFX_M1_THAT_SOUNDED_LIKE,0x030E
SFX_M1_GUNFIRE,0x030F
SFX_M1_SOMEONES_SHOOTING,0x0310
SFX_0311,0x0311
SFX_0312,0x0312
SFX_0313,0x0313
SFX_0314,0x0314
SFX_0315,0x0315
SFX_M1_HES_GONE,0x0316
SFX_0317,0x0317
SFX_0318,0x0318
SFX_0319,0x0319
SFX_031A,0x031A
SFX_031B,0x031B
SFX_M1_M2_LOOK_OUT_SHES_COMING,0x031C
SFX_M1_M2_TAKE_COVER,0x031D
SFX_M1_M2_LOOK_OUT_LOOK_OUT,0x031E
SFX_M1_OVER_THERE,0x031F
SFX_M1_HALT,0x0320
SFX_M1_FREEZE,0x0321
SFX_M1_LAST_MISTAKE,0x0322
SFX_M1_WHAT_ARE_YOU_WAITING_FOR,0x0323
SFX_M1_BRING_IT_ON,0x0324
SFX_M1_TAKE_HER_DOWN,0x0325
SFX_M1_EVERYBODY_GET_HER,0x0326
SFX_M1_ATTACK,0x0327
SFX_0328,0x0328
SFX_M1_YEAH_BABY,0x0329
SFX_032A,0x032A
SFX_032B,0x032B
SFX_032C,0x032C
SFX_032D,0x032D
SFX_032E,0x032E
SFX_M1_MY_GUN_ITS_USELESS,0x032F
SFX_0330,0x0330
SFX_M1_STOP_DODGING,0x0331
SFX_M1_SOMEONE_HIT_HER,0x0332
SFX_0333,0x0333
SFX_0334,0x0334
SFX_M1_COVER_ME_NOW,0x0335
SFX_M1_IM_GOING_FOR_COVER,0x0336
SFX_M1_GO_FOR_IT,0x0337
SFX_M1_GO_GO_GO,0x0338
SFX_M1_RUN,0x0339
SFX_M1_SHES_TOO_GOOD_RUN,0x033A
SFX_M1_GET_SOME_BACKUP,0x033B
SFX_M1_EVACUATE_THE_AREA,0x033C
SFX_M1_CATCH_THIS,0x033D
SFX_033E,0x033E
SFX_M1_HERE_KEEP_IT,0x033F
SFX_0340,0x0340
SFX_0341,0x0341
SFX_M1_GRENADE,0x0342
SFX_M1_WITHDRAW,0x0343
SFX_M1_FALL_BACK,0x0344
SFX_M1_EVERYONE_GET_BACK,0x0345
SFX_M1_SURROUND_HER,0x0346
SFX_M1_SPREAD_OUT,0x0347
SFX_M1_SPLIT_UP,0x0348
SFX_M1_PLEASE_DONT,0x0349
SFX_M1_DONT_SHOOT,0x034A
SFX_M1_IM_ONLY_DOING_MY_JOB,0x034B
SFX_034C,0x034C
SFX_M1_WHY_ME,0x034D
SFX_M1_CHOKING,0x034E
SFX_034F,0x034F
SFX_0350,0x0350
SFX_0351,0x0351
SFX_0352,0x0352
SFX_0353,0x0353
SFX_0354,0x0354
SFX_M1_OUTSTANDING,0x0355
SFX_M1_IM_JUST_TOO_GOOD,0x0356
SFX_M1_YEEHAH_GOT_ONE,0x0357
SFX_0358,0x0358
SFX_0359,0x0359
SFX_M1_ANOTHER_ONE_BITES_THE_DUST,0x035A
SFX_M0_M1_LOOK_OUT_LOOK_OUT,0x035B
SFX_M0_M1_ITS_A_GRENADE,0x035C
SFX_M0_M1_CLEAR_THE_AREA,0x035D
SFX_035E,0x035E
SFX_035F,0x035F
SFX_0360,0x0360
SFX_0361,0x0361
SFX_0362,0x0362
SFX_0363,0x0363
SFX_0364,0x0364
SFX_0365,0x0365
SFX_0366,0x0366
SFX_0367,0x0367
SFX_0368,0x0368
SFX_0369,0x0369
SFX_036A,0x036A
SFX_036B,0x036B
SFX_036C,0x036C
SFX_036D,0x036D
SFX_036E,0x036E
SFX_036F,0x036F
SFX_0370,0x0370
SFX_0371,0x0371
SFX_0372,0x0372
SFX_0373,0x0373
SFX_0374,0x0374
SFX_0375,0x0375
SFX_0376,0x0376
SFX_0377,0x0377
SFX_0378,0x0378
SFX_0379,0x0379
SFX_037A,0x037A
SFX_F_HEY,0x037B
SFX_F_HUH,0x037C
SFX_037D,0x037D
SFX_F_IM_WOUNDED,0x037E
SFX_F_HELP_ME_OUT,0x037F
SFX_F_IM_IN_TROUBLE,0x0380
SFX_F_GET_HER,0x0381
SFX_F_HEY_YOU_COME_HERE,0x0382
SFX_0383,0x0383
SFX_F_TARGET_ATTACKING,0x0384
SFX_F_UNDER_FIRE,0x0385
SFX_0386,0x0386
SFX_F_WERE_UNDER_FIRE,0x0387
SFX_0388,0x0388
SFX_F_0389,0x0389
SFX_F_SOMEONES_SHOOTING,0x038A
SFX_038B,0x038B
SFX_038C,0x038C
SFX_F_UNIT_DOWN,0x038D
SFX_038E,0x038E
SFX_038F,0x038F
SFX_0390,0x0390
SFX_0391,0x0391
SFX_0392,0x0392
SFX_0393,0x0393
SFX_0394,0x0394
SFX_0395,0x0395
SFX_F_COME_ON,0x0396
SFX_0397,0x0397
SFX_F_EVERYONE_GET_HER,0x0398
SFX_F_ATTACK,0x0399
SFX_F_DID_THAT_HURT,0x039A
SFX_F_YOU_WANT_SOME_MORE,0x039B
SFX_039C,0x039C
SFX_039D,0x039D
SFX_039E,0x039E
SFX_F_THIS_GUNS_USELESS,0x039F
SFX_03A0,0x03A0
SFX_F_STAND_STILL,0x03A1
SFX_F_SOMEONE_HIT_HER,0x03A2
SFX_03A3,0x03A3
SFX_F_COVER_ME,0x03A4
SFX_03A5,0x03A5
SFX_F_TAKE_COVER,0x03A6
SFX_F_GO_FOR_IT,0x03A7
SFX_03A8,0x03A8
SFX_F_RUN,0x03A9
SFX_F_GET_REINFORCEMENTS,0x03AA
SFX_F_EVACUATE_THE_AREA,0x03AB
SFX_F_RETREAT,0x03AC
SFX_F_CATCH_THIS,0x03AD
SFX_F_TIME_TO_DIE,0x03AE
SFX_03AF,0x03AF
SFX_F_WITHDRAW,0x03B0
SFX_F_FALL_BACK,0x03B1
SFX_03B2,0x03B2
SFX_F_SPREAD_OUT,0x03B3
SFX_F_SPLIT_UP,0x03B4
SFX_F_PLEASE_DONT,0x03B5
SFX_F_DONT_SHOOT,0x03B6
SFX_F_WHY_ME,0x03B7
SFX_F_NOO,0x03B8
SFX_03B9,0x03B9
SFX_03BA,0x03BA
SFX_03BB,0x03BB
SFX_F_GET_A_CLEANER,0x03BC
SFX_03BD,0x03BD
SFX_F_IM_JUST_TOO_GOOD,0x03BE
SFX_03BF,0x03BF
SFX_F_SUCH_A_WASTE,0x03C0
SFX_F_LOOK_OUT,0x03C1
SFX_F_ITS_A_GRENADE,0x03C2
SFX_03C3,0x03C3
SFX_M2_HOW_THE,0x03C4
SFX_M2_HEY,0x03C5
SFX_M2_STOP,0x03C6
SFX_03C7,0x03C7
SFX_M2_WHY_YOU,0x03C8
SFX_03C9,0x03C9
SFX_03CA,0x03CA
SFX_03CB,0x03CB
SFX_03CC,0x03CC
SFX_M2_IM_INJURED,0x03CD
SFX_M2_IM_HIT_IM_HIT,0x03CE
SFX_03CF,0x03CF
SFX_M2_TARGET_SIGHTED,0x03D0
SFX_M2_COME_ON_MAN,0x03D1
SFX_03D2,0x03D2
SFX_M2_THAT_WAS_CLOSE,0x03D3
SFX_03D4,0x03D4
SFX_M2_AY_CARAMBA,0x03D5
SFX_M2_LISTEN_GUNSHOTS,0x03D6
SFX_M2_SOMEONES_NEARBY,0x03D7
SFX_03D8,0x03D8
SFX_M2_BODY_COUNTS_TOO_HIGH,0x03D9
SFX_M2_I_NEVER_LIKED_HIM_ANYWAY,0x03DA
SFX_M2_THAT_WAS_MY_BEST_FRIEND,0x03DB
SFX_03DC,0x03DC
SFX_03DD,0x03DD
SFX_03DE,0x03DE
SFX_03DF,0x03DF
SFX_03E0,0x03E0
SFX_M2_WATCH_OUT,0x03E1
SFX_M2_HELP_ME_OUT,0x03E2
SFX_M2_WEVE_GOT_AN_INTRUDER,0x03E3
SFX_M2_GET_HER,0x03E4
SFX_M2_THERE_ATTACK,0x03E5
SFX_M2_HEY_YOU_STOP,0x03E6
SFX_M2_COME_ON_MAN2,0x03E7
SFX_M2_DIE,0x03E8
SFX_M2_TAKE_THIS,0x03E9
SFX_M2_MOVE_IN,0x03EA
SFX_M2_YOURE_OUT_OF_YOUR_LEAGUE,0x03EB
SFX_M2_LET_HER_HAVE_IT,0x03EC
SFX_M2_SURRENDER_OR_DIE,0x03ED
SFX_M2_I_HAVE_YOU_NOW,0x03EE
SFX_M2_YOU_WANT_BEAT_ME,0x03EF
SFX_03F0,0x03F0
SFX_03F1,0x03F1
SFX_03F2,0x03F2
SFX_03F3,0x03F3
SFX_M2_I_DONT_BELIEVE_IT,0x03F4
SFX_03F5,0x03F5
SFX_03F6,0x03F6
SFX_M2_STOP_MOVING,0x03F7
SFX_M2_NO_ESCAPE_FOR_YOU,0x03F8
SFX_M2_HELP_ME_OUT_HERE,0x03F9
SFX_M2_HEY_DISTRACT_HER,0x03FA
SFX_M2_KEEP_HER_OCCUPIED,0x03FB
SFX_M2_MOVE_IT_MOVE_IT,0x03FC
SFX_M2_GET_TO_COVER_NOW,0x03FD
SFX_M2_RUN_FOR_IT,0x03FE
SFX_M2_RETREAT,0x03FF
SFX_0400,0x0400
SFX_M2_GET_BACK_GET_BACK,0x0401
SFX_0402,0x0402
SFX_M2_FIRE_IN_THE_HOLE,0x0403
SFX_0404,0x0404
SFX_M2_HERES_A_LITTLE_PRESENT_FOR_YA,0x0405
SFX_0406,0x0406
SFX_M2_TRY_THIS_FOR_SIZE,0x0407
SFX_M2_GET_OUT_OF_THE_WAY,0x0408
SFX_M2_FALL_BACK,0x0409
SFX_M2_MOVE_OUT,0x040A
SFX_M2_TEAM_UP_GUYS,0x040B
SFX_M2_COME_ON_AROUND_THE_SIDE,0x040C
SFX_M2_SCATTER,0x040D
SFX_M2_I_DONT_LIKE_THIS_ANY_MORE,0x040E
SFX_M2_DONT_HURT_ME,0x040F
SFX_M2_YOU_WIN_I_GIVE_UP,0x0410
SFX_0411,0x0411
SFX_0412,0x0412
SFX_0413,0x0413
SFX_0414,0x0414
SFX_M2_I_DONT_WANT_TO_DIE,0x0415
SFX_0416,0x0416
SFX_M2_ITS_ALL_OVER_FOR_THIS_ONE,0x0417
SFX_0418,0x0418
SFX_0419,0x0419
SFX_041A,0x041A
SFX_M2_IM_THE_MAN,0x041B
SFX_M2_BOY_THAT_WAS_CLOSE,0x041C
SFX_M2_DID_YOU_SEE_THAT,0x041D
SFX_041E,0x041E
SFX_041F,0x041F
SFX_M2_GET_BACK_QUICK,0x0420
SFX_M2_WERE_GONNA_DIE,0x0421
SFX_0422,0x0422
SFX_0423,0x0423
SFX_0424,0x0424
SFX_0425,0x0425
SFX_0426,0x0426
SFX_0427,0x0427
SFX_0428,0x0428
SFX_0429,0x0429
SFX_042A,0x042A
SFX_DOOR_042B,0x042B
SFX_DOOR_042C,0x042C
SFX_042D,0x042D
SFX_DISGUISE_ON,0x042E
SFX_042F,0x042F
SFX_0430,0x0430
SFX_0431,0x0431
SFX_0432,0x0432
SFX_RELOAD_FARSIGHT,0x0433
SFX_0434,0x0434
SFX_0435,0x0435
SFX_0436,0x0436
SFX_0437,0x0437
SFX_0438,0x0438
SFX_0439,0x0439
SFX_043A,0x043A
SFX_043B,0x043B
SFX_043C,0x043C
SFX_043D,0x043D
SFX_MENU_SUBFOCUS,0x043E
SFX_043F,0x043F
SFX_0440,0x0440
SFX_MENU_FOCUS,0x0441
SFX_0442,0x0442
SFX_0443,0x0443
SFX_CIV_THERES_A_MANIAC,0x0444
SFX_0445,0x0445
SFX_CIV_GREETINGS_CITIZEN,0x0446
SFX_CIV_HOWS_IT_GOING,0x0447
SFX_CIV_GUNS_DONT_SCARE_ME,0x0448
SFX_CIV_KEEP_AWAY_FROM_THIS_CAR,0x0449
SFX_044A,0x044A
SFX_FBI_WE_HAVE_AN_INTRUDER,0x044B
SFX_044C,0x044C
SFX_044D,0x044D
SFX_044E,0x044E
SFX_044F,0x044F
SFX_0450,0x0450
SFX_0451,0x0451
SFX_0452,0x0452
SFX_0453,0x0453
SFX_0454,0x0454
SFX_0455,0x0455
SFX_0456,0x0456
SFX_0457,0x0457
SFX_0458,0x0458
SFX_FBI_CODE_2_SITUATION,0x0459
SFX_FBI_REQUEST_BACKUP_IMMEDIATELY,0x045A
SFX_045B,0x045B
SFX_045C,0x045C
SFX_CIV_TAKE_IT_EASY,0x045D
SFX_CIV_I_DONT_WANT_ANY_TROUBLE,0x045E
SFX_CIV_QUICK_DOWN_THERE,0x045F
SFX_0460,0x0460
SFX_CIV_HEY_SUGAR_WANNA_PARTY,0x0461
SFX_0462,0x0462
SFX_CIV_TAKE_THE_WALLET,0x0463
SFX_0464,0x0464
SFX_CIV_HEY_BABY,0x0465
SFX_CIV_WHISTLE,0x0466
SFX_0467,0x0467
SFX_CIV_GET_ME_OUT_OF_HERE,0x0468
SFX_0469,0x0469
SFX_046A,0x046A
SFX_046B,0x046B
SFX_046C,0x046C
SFX_046D,0x046D
SFX_046E,0x046E
SFX_JO_LANDING_046F,0x046F
SFX_0470,0x0470
SFX_0471,0x0471
SFX_0472,0x0472
SFX_0473,0x0473
SFX_0474,0x0474
SFX_0475,0x0475
SFX_0476,0x0476
SFX_0477,0x0477
SFX_0478,0x0478
SFX_0479,0x0479
SFX_047A,0x047A
SFX_047B,0x047B
SFX_047C,0x047C
SFX_047D,0x047D
SFX_047E,0x047E
SFX_047F,0x047F
SFX_0480,0x0480
SFX_0481,0x0481
SFX_0482,0x0482
SFX_0483,0x0483
SFX_0484,0x0484
SFX_0485,0x0485
SFX_0486,0x0486
SFX_0487,0x0487
SFX_0488,0x0488
SFX_0489,0x0489
SFX_048A,0x048A
SFX_048B,0x048B
SFX_048C,0x048C
SFX_048D,0x048D
SFX_048E,0x048E
SFX_048F,0x048F
SFX_0490,0x0490
SFX_0491,0x0491
SFX_0492,0x0492
SFX_0493,0x0493
SFX_0494,0x0494
SFX_0495,0x0495
SFX_0496,0x0496
SFX_0497,0x0497
SFX_0498,0x0498
SFX_0499,0x0499
SFX_049A,0x049A
SFX_049B,0x049B
SFX_049C,0x049C
SFX_049D,0x049D
SFX_049E,0x049E
SFX_049F,0x049F
SFX_04A0,0x04A0
SFX_04A1,0x04A1
SFX_04A2,0x04A2
SFX_04A3,0x04A3
SFX_04A4,0x04A4
SFX_04A5,0x04A5
SFX_04A6,0x04A6
SFX_04A7,0x04A7
SFX_04A8,0x04A8
SFX_04A9,0x04A9
SFX_04AA,0x04AA
SFX_04AB,0x04AB
SFX_ALARM_INFILTRATION,0x04AC
SFX_04AD,0x04AD
SFX_04AE,0x04AE
SFX_04AF,0x04AF
SFX_04B0,0x04B0
SFX_04B1,0x04B1
SFX_04B2,0x04B2
SFX_04B3,0x04B3
SFX_04B4,0x04B4
SFX_04B5,0x04B5
SFX_04B6,0x04B6
SFX_04B7,0x04B7
SFX_04B8,0x04B8
SFX_04B9,0x04B9
SFX_04BA,0x04BA
SFX_04BB,0x04BB
SFX_04BC,0x04BC
SFX_04BD,0x04BD
SFX_04BE,0x04BE
SFX_04BF,0x04BF
SFX_04C0,0x04C0
SFX_04C1,0x04C1
SFX_04C2,0x04C2
SFX_04C3,0x04C3
SFX_04C4,0x04C4
SFX_04C5,0x04C5
SFX_M0_MY_GUN,0x04C6
SFX_M0_TRIGGER_THE_ALARM,0x04C7
SFX_04C8,0x04C8
SFX_M0_HELLO_THERE,0x04C9
SFX_M0_WHATS_THIS,0x04CA
SFX_M0_IM_SURE_I_HEARD_A_NOISE,0x04CB
SFX_M0_HEARING_THINGS,0x04CC
SFX_04CD,0x04CD
SFX_M1_WARN_THE_OTHERS,0x04CE
SFX_M1_WHAT_IS_IT,0x04CF
SFX_M1_HOW_DID_THAT_GET_HERE,0x04D0
SFX_M1_DONT_TOUCH_IT,0x04D1
SFX_M1_I_CANT_SEE_ANYBODY,0x04D2
SFX_M1_THERES_NO_ONE_HERE,0x04D3
SFX_M2_ACTIVATE_THE_ALARM,0x04D4
SFX_M2_IS_IT_DANGEROUS,0x04D5
SFX_M2_DONT_MOVE,0x04D6
SFX_M2_STAY_BACK,0x04D7
SFX_M2_I_BET_THIS_IS_ANOTHER_DRILL,0x04D8
SFX_M2_ANOTHER_FALSE_ALARM,0x04D9
SFX_04DA,0x04DA
SFX_04DB,0x04DB
SFX_04DC,0x04DC
SFX_04DD,0x04DD
SFX_04DE,0x04DE
SFX_04DF,0x04DF
SFX_04E0,0x04E0
SFX_04E1,0x04E1
SFX_04E2,0x04E2
SFX_04E3,0x04E3
SFX_04E4,0x04E4
SFX_04E5,0x04E5
SFX_04E6,0x04E6
SFX_04E7,0x04E7
SFX_04E8,0x04E8
SFX_04E9,0x04E9
SFX_04EA,0x04EA
SFX_04EB,0x04EB
SFX_04EC,0x04EC
SFX_04ED,0x04ED
SFX_04EE,0x04EE
SFX_04EF,0x04EF
SFX_04F0,0x04F0
SFX_04F1,0x04F1
SFX_04F2,0x04F2
SFX_04F3,0x04F3
SFX_04F4,0x04F4
SFX_04F5,0x04F5
SFX_04F6,0x04F6
SFX_04F7,0x04F7
SFX_04F8,0x04F8
SFX_04F9,0x04F9
SFX_04FA,0x04FA
SFX_RELOAD_04FB,0x04FB
SFX_04FC,0x04FC
SFX_04FD,0x04FD
SFX_04FE,0x04FE
SFX_CAMSPY_SHUTTER,0x04FF
SFX_0500,0x0500
SFX_0501,0x0501
SFX_0502,0x0502
SFX_0503,0x0503
SFX_0504,0x0504
SFX_0505,0x0505
SFX_0506,0x0506
SFX_0507,0x0507
SFX_0508,0x0508
SFX_0509,0x0509
SFX_050A,0x050A
SFX_050B,0x050B
SFX_050C,0x050C
SFX_050D,0x050D
SFX_050E,0x050E
SFX_050F,0x050F
SFX_0510,0x0510
SFX_0511,0x0511
SFX_0512,0x0512
SFX_0513,0x0513
SFX_0514,0x0514
SFX_SECURE_THE_PERIMETER,0x0515
SFX_0516,0x0516
SFX_0517,0x0517
SFX_0518,0x0518
SFX_0519,0x0519
SFX_051A,0x051A
SFX_ELVIS_INTERGALACTIC_PEACE,0x051B
SFX_ELVIS_EAT_HOT_LEAD_WEIRDOS,0x051C
SFX_ELVIS_KISS_MY_ALIEN_BUTT,0x051D
SFX_ELVIS_ILL_KICK_YOUR_ASS,0x051E
SFX_ELVIS_FOR_YOUR_OWN_GOOD,0x051F
SFX_ELVIS_YOU_DARE_SHOOT_AT_ME,0x0520
SFX_ELVIS_DONT_MESS_WITH_THE_MAIAN,0x0521
SFX_ELVIS_IM_BAD,0x0522
SFX_ELVIS_ALL_GOING_WRONG,0x0523
SFX_ELVIS_WATCH_THE_SUIT,0x0524
SFX_ELVIS_HEHE,0x0525
SFX_0526,0x0526
SFX_0527,0x0527
SFX_0528,0x0528
SFX_SKEDAR_ROAR_0529,0x0529
SFX_SKEDAR_ROAR_052A,0x052A
SFX_SKEDAR_ROAR_052B,0x052B
SFX_052C,0x052C
SFX_SKEDAR_ROAR_052D,0x052D
SFX_SKEDAR_ROAR_052E,0x052E
SFX_SKEDAR_ROAR_052F,0x052F
SFX_SKEDAR_ROAR_0530,0x0530
SFX_SKEDAR_ROAR_0531,0x0531
SFX_SKEDAR_ROAR_0532,0x0532
SFX_SKEDAR_ROAR_0533,0x0533
SFX_SKEDAR_ROAR_0534,0x0534
SFX_0535,0x0535
SFX_SKEDAR_ROAR_0536,0x0536
SFX_SKEDAR_ROAR_0537,0x0537
SFX_SKEDAR_ROAR_0538,0x0538
SFX_SKEDAR_ROAR_0539,0x0539
SFX_SKEDAR_ROAR_053A,0x053A
SFX_053B,0x053B
SFX_053C,0x053C
SFX_053D,0x053D
SFX_053E,0x053E
SFX_053F,0x053F
SFX_0540,0x0540
SFX_0541,0x0541
SFX_0542,0x0542
SFX_0543,0x0543
SFX_0544,0x0544
SFX_0545,0x0545
SFX_0546,0x0546
SFX_0547,0x0547
SFX_0548,0x0548
SFX_0549,0x0549
SFX_054A,0x054A
SFX_054B,0x054B
SFX_054C,0x054C
SFX_054D,0x054D
SFX_054E,0x054E
SFX_054F,0x054F
SFX_0550,0x0550
SFX_0551,0x0551
SFX_0552,0x0552
SFX_0553,0x0553
SFX_0554,0x0554
SFX_0555,0x0555
SFX_0556,0x0556
SFX_0557,0x0557
SFX_0558,0x0558
SFX_0559,0x0559
SFX_055A,0x055A
SFX_055B,0x055B
SFX_055C,0x055C
SFX_055D,0x055D
SFX_055E,0x055E
SFX_055F,0x055F
SFX_0560,0x0560
SFX_0561,0x0561
SFX_0562,0x0562
SFX_0563,0x0563
SFX_0564,0x0564
SFX_0565,0x0565
SFX_0566,0x0566
SFX_0567,0x0567
SFX_0568,0x0568
SFX_0569,0x0569
SFX_056A,0x056A
SFX_056B,0x056B
SFX_056C,0x056C
SFX_056D,0x056D
SFX_056E,0x056E
SFX_056F,0x056F
SFX_0570,0x0570
SFX_0571,0x0571
SFX_0572,0x0572
SFX_0573,0x0573
SFX_0574,0x0574
SFX_0575,0x0575
SFX_0576,0x0576
SFX_0577,0x0577
SFX_0578,0x0578
SFX_0579,0x0579
SFX_057A,0x057A
SFX_057B,0x057B
SFX_057C,0x057C
SFX_057D,0x057D
SFX_057E,0x057E
SFX_057F,0x057F
SFX_0580,0x0580
SFX_0581,0x0581
SFX_0582,0x0582
SFX_0583,0x0583
SFX_0584,0x0584
SFX_0585,0x0585
SFX_0586,0x0586
SFX_0587,0x0587
SFX_0588,0x0588
SFX_0589,0x0589
SFX_058A,0x058A
SFX_058B,0x058B
SFX_058C,0x058C
SFX_058D,0x058D
SFX_058E,0x058E
SFX_058F,0x058F
SFX_0590,0x0590
SFX_0591,0x0591
SFX_0592,0x0592
SFX_0593,0x0593
SFX_0594,0x0594
SFX_0595,0x0595
SFX_0596,0x0596
SFX_0597,0x0597
SFX_0598,0x0598
SFX_0599,0x0599
SFX_059A,0x059A
SFX_059B,0x059B
SFX_059C,0x059C
SFX_INFIL_STATIC_SHORT,0x059D
SFX_INFIL_STATIC_MEDIUM,0x059E
SFX_INFIL_STATIC_LONG,0x059F
SFX_05A0,0x05A0
SFX_05A1,0x05A1
SFX_05A2,0x05A2
SFX_05A3,0x05A3
SFX_05A4,0x05A4
SFX_05A5,0x05A5
SFX_05A6,0x05A6
SFX_05A7,0x05A7
SFX_05A8,0x05A8
SFX_05A9,0x05A9
SFX_05AA,0x05AA
SFX_COUGH_05AB,0x05AB
SFX_COUGH_05AC,0x05AC
SFX_COUGH_05AD,0x05AD
SFX_COUGH_05AE,0x05AE
SFX_COUGH_04AF,0x05AF
SFX_COUGH_04B0,0x05B0
SFX_GURGLE_05B1,0x05B1
SFX_GURGLE_05B2,0x05B2
SFX_05B3,0x05B3
SFX_05B4,0x05B4
SFX_05B5,0x05B5
SFX_JO_LANDING_05B6,0x05B6
SFX_JO_LANDING_05B7,0x05B7
SFX_MP_SCOREPOINT,0x05B8
SFX_MP_HILLENTERED,0x05B9
SFX_05BA,0x05BA
SFX_MENU_SWIPE,0x05BB
SFX_MENU_OPENDIALOG,0x05BC
SFX_05BD,0x05BD
SFX_SHOULD_HAVE_COME_HERE_GIRL,0x05BE
SFX_WERE_TAKING_OVER,0x05BF
SFX_05C0,0x05C0
SFX_05C1,0x05C1
SFX_ALARM_ATTACKSHIP,0x05C2
SFX_05C3,0x05C3
SFX_05C4,0x05C4
SFX_05C5,0x05C5
SFX_05C6,0x05C6
SFX_05C7,0x05C7
SFX_HEARTBEAT,0x05C8
SFX_JO_BOOST_ACTIVATE,0x05C9
SFX_05CA,0x05CA
SFX_05CB,0x05CB
SFX_05CC,0x05CC
SFX_05CD,0x05CD
SFX_05CE,0x05CE
SFX_05CF,0x05CF
SFX_05D0,0x05D0
SFX_05D1,0x05D1
SFX_05D2,0x05D2
SFX_05D3,0x05D3
SFX_FR_ALARM,0x05D4
SFX_FR_LIGHTSON,0x05D5
SFX_FR_LIGHTSOFF,0x05D6
SFX_05D7,0x05D7
SFX_WOOD_BREAK,0x05D8
SFX_FR_CONVEYER,0x05D9
SFX_FR_CONVEYER_STOP,0x05DA
SFX_TRAINING_FAIL,0x05DB
SFX_TRAINING_COMPLETE,0x05DC
SFX_MENU_SELECT,0x05DD
SFX_05DE,0x05DE
SFX_ARGH_MAIAN_05DF,0x05DF
SFX_ARGH_MAIAN_05E0,0x05E0
SFX_ARGH_MAIAN_05E1,0x05E1
SFX_MAIAN_05E2,0x05E2
SFX_MAIAN_05E3,0x05E3
SFX_MAIAN_05E4,0x05E4
SFX_MAIAN_05E5,0x05E5
SFX_MAIAN_05E6,0x05E6
SFX_MAIAN_05E7,0x05E7
SFX_05E8,0x05E8
SFX_05E9,0x05E9
SFX_05EA,0x05EA
SFX_05EB,0x05EB
SFX_05EC,0x05EC
SFX_05ED,0x05ED
SFX_05EE,0x05EE
SFX_05EF,0x05EF
SFX_05F0,0x05F0
SFX_05F1,0x05F1
SFX_05F2,0x05F2
SFX_05F3,0x05F3
SFX_05F4,0x05F4
SFX_05F5,0x05F5
SFX_05F6,0x05F6
SFX_05F7,0x05F7
SFX_05F8,0x05F8
SFX_05F9,0x05F9
SFX_05FA,0x05FA
SFX_05FB,0x05FB
SFX_05FC,0x05FC
SFX_05FD,0x05FD
SFX_05FE,0x05FE
SFX_05FF,0x05FF
SFX_0600,0x0600
SFX_0601,0x0601
SFX_0602,0x0602
SFX_0603,0x0603
SFX_0604,0x0604
SFX_0605,0x0605
SFX_0606,0x0606
SFX_0607,0x0607
SFX_NOSEDIVE,0x0608
SFX_UFOHUM,0x0609
SFX_ALARM_CHICAGO = 0x6455,0x060A
SFX_8000 = 0x8000,0x060B
SFX_DOOR_8001,0x060C
SFX_DOOR_8002,0x060D
SFX_DOOR_8003,0x060E
SFX_DOOR_8004,0x060F
SFX_DOOR_8005,0x0610
SFX_DOOR_8006,0x0611
SFX_DOOR_8007,0x0612
SFX_DOOR_8008,0x0613
SFX_8009,0x0614
SFX_DOOR_800A,0x0615
SFX_DOOR_800B,0x0616
SFX_DOOR_800C,0x0617
SFX_DOOR_800D,0x0618
SFX_DOOR_800E,0x0619
SFX_DOOR_800F,0x061A
SFX_DOOR_8010,0x061B
SFX_DOOR_8011,0x061C
SFX_DOOR_8012,0x061D
SFX_DOOR_8013,0x061E
SFX_DOOR_8014,0x061F
SFX_DOOR_8015,0x0620
SFX_DOOR_8016,0x0621
SFX_DOOR_8017,0x0622
SFX_DOOR_8018,0x0623
SFX_DOOR_8019,0x0624
SFX_DOOR_801A,0x0625
SFX_DOOR_801B,0x0626
SFX_DOOR_801C,0x0627
SFX_DOOR_801D,0x0628
SFX_DOOR_801E,0x0629
SFX_DOOR_801F,0x062A
SFX_DOOR_8020,0x062B
SFX_DOOR_8021,0x062C
SFX_DOOR_8022,0x062D
SFX_8023,0x062E
SFX_8024,0x062F
SFX_8025,0x0630
SFX_DOOR_8026,0x0631
SFX_DOOR_8027,0x0632
SFX_CARR_HELLO_JOANNA,0x0633
SFX_8029,0x0634
SFX_802A,0x0635
SFX_CIFEM_HI_THERE,0x0636
SFX_GRIMSHAW_WELCOME,0x0637
SFX_GRIMSHAW_HI_THERE,0x0638
SFX_GRIMSHAW_UMM_ERR_HI,0x0639
SFX_HOLO_HI,0x063A
SFX_HANGAR_WHAT_DO_YOU_WANT,0x063B
SFX_FOSTER_STAR_AGENT,0x063C
SFX_CIM_HEY_THERE,0x063D
SFX_CIM_HI,0x063E
SFX_CIM_HOWS_IT_GOING,0x063F
SFX_CIFEM_HELLO,0x0640
SFX_CIFEM_HI_JO,0x0641
SFX_CIFEM_HOWS_IT_GOING,0x0642
SFX_8038,0x0643
SFX_8039,0x0644
SFX_803A,0x0645
SFX_803B,0x0646
SFX_803C,0x0647
SFX_803D,0x0648
SFX_803E,0x0649
SFX_803F,0x064A
SFX_MENU_ERROR,0x064B
SFX_8041,0x064C
SFX_8042,0x064D
SFX_8043,0x064E
SFX_8044,0x064F
SFX_8045,0x0650
SFX_8046,0x0651
SFX_8047,0x0652
SFX_8048,0x0653
SFX_8049,0x0654
SFX_804A,0x0655
SFX_804B,0x0656
SFX_804C,0x0657
SFX_804D,0x0658
SFX_804E,0x0659
SFX_RELOAD_DEFAULT,0x065A
SFX_8050,0x065B
SFX_8051,0x065C
SFX_FIREEMPTY,0x065D
SFX_LAUNCH_ROCKET_8053,0x065E
SFX_8054,0x065F
SFX_FIRE_SHOTGUN,0x0660
SFX_8056,0x0661
SFX_DRUGSPY_FIREDART,0x0662
SFX_8058,0x0663
SFX_8059,0x0664
SFX_805A,0x0665
SFX_805B,0x0666
SFX_805C,0x0667
SFX_805D,0x0668
SFX_805E,0x0669
SFX_805F,0x066A
SFX_8060,0x066B
SFX_8061,0x066C
SFX_8062,0x066D
SFX_8063,0x066E
SFX_8064,0x066F
SFX_MAULER_CHARGE,0x0670
SFX_8066,0x0671
SFX_8067,0x0672
SFX_SLAYER_WHIR,0x0673
SFX_8069,0x0674
SFX_806A,0x0675
SFX_806B,0x0676
SFX_806C,0x0677
SFX_806D,0x0678
SFX_806E,0x0679
SFX_806F,0x067A
SFX_8070,0x067B
SFX_8071,0x067C
SFX_8072,0x067D
SFX_8073,0x067E
SFX_8074,0x067F
SFX_8075,0x0680
SFX_HIT_CHR,0x0681
SFX_HIT_GLASS,0x0682
SFX_GLASS_SHATTER,0x0683
SFX_HIT_METAL_8079,0x0684
SFX_807A,0x0685
SFX_HIT_METAL_807B,0x0686
SFX_HATHIT_807C,0x0687
SFX_HIT_SNOW,0x0688
SFX_HIT_WOOD_807E,0x0689
SFX_HIT_WOOD_807F,0x068A
SFX_HIT_WATER,0x068B
SFX_HIT_MUD_8081,0x068C
SFX_HIT_MUD_8082,0x068D
SFX_HIT_MUD_8083,0x068E
SFX_HIT_DIRT_8084,0x068F
SFX_HIT_DIRT_8085,0x0690
SFX_HIT_TILE,0x0691
SFX_HIT_STONE_8087,0x0692
SFX_HIT_STONE_8088,0x0693
SFX_HIT_METALOBJ_8089,0x0694
SFX_HIT_METALOBJ_808A,0x0695
SFX_808B,0x0696
SFX_EYESPYHIT,0x0697
SFX_THUD_808D,0x0698
SFX_THUD_808E,0x0699
SFX_THUD_808F,0x069A
SFX_THUD_8090,0x069B
SFX_THUD_8091,0x069C
SFX_THUD_8092,0x069D
SFX_THUD_8093,0x069E
SFX_THUD_8094,0x069F
SFX_THUD_8095,0x06A0
SFX_THUD_8096,0x06A1
SFX_THUD_8097,0x06A2
SFX_EXPLOSION_8098,0x06A3
SFX_8099,0x06A4
SFX_EXPLOSION_809A,0x06A5
SFX_809B,0x06A6
SFX_809C,0x06A7
SFX_809D,0x06A8
SFX_809E,0x06A9
SFX_809F,0x06AA
SFX_80A0,0x06AB
SFX_80A1,0x06AC
SFX_80A2,0x06AD
SFX_80A3,0x06AE
SFX_80A4,0x06AF
SFX_80A5,0x06B0
SFX_80A6,0x06B1
SFX_80A7,0x06B2
SFX_80A8,0x06B3
SFX_THROW,0x06B4
SFX_80AA,0x06B5
SFX_DETONATE,0x06B6
SFX_DOOR_80AC,0x06B7
SFX_DOOR_80AD,0x06B8
SFX_DOOR_80AE,0x06B9
SFX_BIKE_PULSE,0x06BA
SFX_80B0,0x06BB
SFX_80B1,0x06BC
SFX_80B2,0x06BD
SFX_80B3,0x06BE
SFX_80B4,0x06BF
SFX_80B5,0x06C0
SFX_80B6,0x06C1
SFX_80B7,0x06C2
SFX_80B8,0x06C3
SFX_80B9_THUNDER,0x06C4
SFX_80BA_THUNDER,0x06C5
SFX_80BB_THUNDER,0x06C6
SFX_80BC_THUNDER,0x06C7
SFX_80BD_THUNDER,0x06C8
SFX_80BE_THUNDER,0x06C9
SFX_80BF_LIGHTNING,0x06CA
SFX_80C0_LIGHTNING,0x06CB
SFX_80C1_LIGHTNING,0x06CC
SFX_80C2_LIGHTNING,0x06CD
SFX_80C3_LIGHTNING,0x06CE
SFX_FOOTSTEP_80C4,0x06CF
SFX_FOOTSTEP_80C5,0x06D0
SFX_FOOTSTEP_80C6,0x06D1
SFX_FOOTSTEP_80C7,0x06D2
SFX_FOOTSTEP_80C8,0x06D3
SFX_FOOTSTEP_80C9,0x06D4
SFX_FOOTSTEP_80CA,0x06D5
SFX_FOOTSTEP_80CB,0x06D6
SFX_FOOTSTEP_80CC,0x06D7
SFX_FOOTSTEP_80CD,0x06D8
SFX_FOOTSTEP_80CE,0x06D9
SFX_FOOTSTEP_80CF,0x06DA
SFX_FOOTSTEP_80D0,0x06DB
SFX_FOOTSTEP_80D1,0x06DC
SFX_FOOTSTEP_80D2,0x06DD
SFX_FOOTSTEP_80D3,0x06DE
SFX_FOOTSTEP_80D4,0x06DF
SFX_FOOTSTEP_80D5,0x06E0
SFX_FOOTSTEP_80D6,0x06E1
SFX_FOOTSTEP_80D7,0x06E2
SFX_FOOTSTEP_80D8,0x06E3
SFX_FOOTSTEP_80D9,0x06E4
SFX_FOOTSTEP_80DA,0x06E5
SFX_FOOTSTEP_80DB,0x06E6
SFX_FOOTSTEP_80DC,0x06E7
SFX_FOOTSTEP_80DD,0x06E8
SFX_FOOTSTEP_80DE,0x06E9
SFX_FOOTSTEP_80DF,0x06EA
SFX_FOOTSTEP_80E0,0x06EB
SFX_FOOTSTEP_80E1,0x06EC
SFX_FOOTSTEP_80E2,0x06ED
SFX_FOOTSTEP_80E3,0x06EE
SFX_FOOTSTEP_80E4,0x06EF
SFX_FOOTSTEP_80E5,0x06F0
SFX_FOOTSTEP_80E6,0x06F1
SFX_FOOTSTEP_80E7,0x06F2
SFX_FOOTSTEP_80E8,0x06F3
SFX_FOOTSTEP_80E9,0x06F4
SFX_FOOTSTEP_80EA,0x06F5
SFX_FOOTSTEP_80EB,0x06F6
SFX_FOOTSTEP_80EC,0x06F7
SFX_FOOTSTEP_80ED,0x06F8
SFX_FOOTSTEP_80EE,0x06F9
SFX_FOOTSTEP_80EF,0x06FA
SFX_FOOTSTEP_80F0,0x06FB
SFX_FOOTSTEP_80F1,0x06FC
SFX_FOOTSTEP_80F2,0x06FD
SFX_FOOTSTEP_80F3,0x06FE
SFX_FOOTSTEP_80F4,0x06FF
SFX_FOOTSTEP_80F5,0x0700
SFX_80F6,0x0701
SFX_M0_HOLY_SHH,0x0702
SFX_M0_WHAT_THE_HELL,0x0703
SFX_M0_DAMN_IT_MISSED,0x0704
SFX_M0_GODS_SAKE_SOMEONE_HIT_HER,0x0705
SFX_M0_GET_THE_HELL_OUT_OF_HERE,0x0706
SFX_M0_YOU_BITCH,0x0707
SFX_M0_OH_MY_GOD,0x0708
SFX_80FE,0x0709
SFX_80FF,0x070A
SFX_8100,0x070B
SFX_8101,0x070C
SFX_8102,0x070D
SFX_SCI_WHO_THE_HELL_ARE_YOU,0x070E
SFX_8104,0x070F
SFX_8105,0x0710
SFX_8106,0x0711
SFX_8107,0x0712
SFX_8108,0x0713
SFX_8109,0x0714
SFX_810A,0x0715
SFX_810B,0x0716
SFX_SHIP_HUM,0x0717
SFX_810D,0x0718
SFX_810E,0x0719
SFX_810F,0x071A
SFX_8110,0x071B
SFX_8111,0x071C
SFX_8112,0x071D
SFX_8113,0x071E
SFX_8114,0x071F
SFX_8115,0x0720
SFX_8116,0x0721
SFX_8117,0x0722
SFX_TYPING_8118,0x0723
SFX_8119,0x0724
SFX_811A,0x0725
SFX_811B,0x0726
SFX_811C,0x0727
SFX_811D,0x0728
SFX_811E,0x0729
SFX_811F,0x072A
SFX_8120,0x072B
SFX_8121,0x072C
SFX_8122,0x072D
SFX_8123,0x072E
SFX_M1_HOLY,0x072F
SFX_M1_WHAT_THE_HELL,0x0730
SFX_M1_OH_MY_GOD,0x0731
SFX_M1_OH_GOD_IM_HIT,0x0732
SFX_M1_MY_GOD,0x0733
SFX_M1_NOOO,0x0734
SFX_M1_OH_GOD_HES_DEAD,0x0735
SFX_M1_BLOODY_STUPID_GUN,0x0736
SFX_M1_DAMN_IT,0x0737
SFX_M1_DAMN_SHES_GOOD,0x0738
SFX_M1_COVER_MY_ASS,0x0739
SFX_M1_SCREAM,0x073A
SFX_F_DAMN_SHES_GOOD,0x073B
SFX_F_MY_GOD,0x073C
SFX_M2_GEEZ_THAT_HURT,0x073D
SFX_M2_DAMN_IT_IM_TAKING_FIRE,0x073E
SFX_M2_GOD_DAMN_IT,0x073F
SFX_M2_HOLY_MOLY,0x0740
SFX_M2_DAMN_MISSED_AGAIN,0x0741
SFX_M2_DAMN_YOU,0x0742
SFX_M2_HELL_SHES_GOOD,0x0743
SFX_M2_LETS_GET_THE_HELL_OUT_OF_HERE,0x0744
SFX_M2_NOOO,0x0745
SFX_813B,0x0746
SFX_M2_OH_GOD_IM_DYING,0x0747
SFX_M2_GOD_RUN,0x0748
SFX_813E,0x0749
SFX_813F,0x074A
SFX_8140,0x074B
SFX_8141,0x074C
SFX_8142,0x074D
SFX_8143,0x074E
SFX_8144,0x074F
SFX_8145,0x0750
SFX_8146,0x0751
SFX_8147,0x0752
SFX_8148,0x0753
SFX_8149,0x0754
SFX_CIV_OH_MY_GOD,0x0755
SFX_814B,0x0756
SFX_814C,0x0757
SFX_814D,0x0758
SFX_814E,0x0759
SFX_814F,0x075A
SFX_8150,0x075B
SFX_8151,0x075C
SFX_8152,0x075D
SFX_8153,0x075E
SFX_8154,0x075F
SFX_8155,0x0760
SFX_8156,0x0761
SFX_8157,0x0762
SFX_8158,0x0763
SFX_8159,0x0764
SFX_815A,0x0765
SFX_815B,0x0766
SFX_815C,0x0767
SFX_M0_HOWS_THINGS,0x0768
SFX_M0_HEY_THERE,0x0769
SFX_M0_HI_HOW_ARE_YOU,0x076A
SFX_8160,0x076B
SFX_8161,0x076C
SFX_8162,0x076D
SFX_M1_HI_THERE,0x076E
SFX_M1_HOWS_THINGS,0x076F
SFX_M2_HELLO,0x0770
SFX_M2_HEY_WHATS_UP,0x0771
SFX_M0_WHAT_THE_HELL_8167,0x0772
SFX_M1_M2_GEEZ,0x0773
SFX_8169,0x0774
SFX_816A,0x0775
SFX_DOOR_816B,0x0776
SFX_DOOR_816C,0x0777
SFX_DOOR_816D,0x0778
SFX_816E,0x0779
SFX_816F,0x077A
SFX_8170,0x077B
SFX_8171,0x077C
SFX_8172,0x077D
SFX_8173,0x077E
SFX_8174,0x077F
SFX_8175,0x0780
SFX_8176,0x0781
SFX_8177,0x0782
SFX_8178,0x0783
SFX_8179,0x0784
SFX_817A,0x0785
SFX_817B,0x0786
SFX_817C,0x0787
SFX_817D,0x0788
SFX_817E,0x0789
SFX_817F,0x078A
SFX_8180,0x078B
SFX_8181,0x078C
SFX_8182,0x078D
SFX_8183,0x078E
SFX_8184,0x078F
SFX_8185,0x0790
SFX_8186,0x0791
SFX_FOOTSTEP_8187,0x0792
SFX_FOOTSTEP_8188,0x0793
SFX_FOOTSTEP_8189,0x0794
SFX_FOOTSTEP_818A,0x0795
SFX_FOOTSTEP_818B,0x0796
SFX_FOOTSTEP_818C,0x0797
SFX_FOOTSTEP_818D,0x0798
SFX_FOOTSTEP_818E,0x0799
SFX_FOOTSTEP_818F,0x079A
SFX_FOOTSTEP_8190,0x079B
SFX_FOOTSTEP_8191,0x079C
SFX_FOOTSTEP_8192,0x079D
SFX_8193,0x079E
SFX_8194,0x079F
SFX_8195,0x07A0
SFX_8196,0x07A1
SFX_8197,0x07A2
SFX_8198,0x07A3
SFX_8199,0x07A4
SFX_819A,0x07A5
SFX_819B,0x07A6
SFX_819C,0x07A7
SFX_819D,0x07A8
SFX_819E,0x07A9
SFX_819F,0x07AA
SFX_81A0,0x07AB
SFX_81A1,0x07AC
SFX_81A2,0x07AD
SFX_81A3,0x07AE
SFX_81A4,0x07AF
SFX_81A5,0x07B0
SFX_81A6,0x07B1
SFX_81A7,0x07B2
SFX_DOOR_81A8,0x07B3
SFX_81A9,0x07B4
SFX_DOOR_81AA,0x07B5
SFX_DOOR_81AB,0x07B6
SFX_81AC,0x07B7
SFX_DOOR_81AD,0x07B8
SFX_DOOR_81AE,0x07B9
SFX_DOOR_81AF,0x07BA
SFX_DOOR_81B0,0x07BB
SFX_DOOR_81B1,0x07BC
SFX_DOOR_81B2,0x07BD
SFX_DOOR_81B3,0x07BE
SFX_DOOR_81B4,0x07BF
SFX_DOOR_81B5,0x07C0
SFX_DOOR_81B6,0x07C1
SFX_DOOR_81B7,0x07C2
SFX_DOOR_81B8,0x07C3
SFX_81B9,0x07C4
SFX_81BA,0x07C5
SFX_81BB,0x07C6
